STRONA MOZAIKI: 1; Basic;1;2;3;46;4;5;6;7;8;9;10;11;12;14;15;21;22
STRONA MOZAIKI: 2; Box20;23;24;25;28;29;33;34;36;111;112;113;122;123;124;125;126;127;128;130;131
STRONA MOZAIKI: 3; Box20;133;134;222;223;224;225;226;228;229;230;232;233;234;235;236;237;238;239;240;241
STRONA MOZAIKI: 4; Box20;242;244;245;246;247;248;250;251;253;266;267;268;270;271;277;278;279;280;281;282
STRONA MOZAIKI: 5; Box20;283;284;288;289;290;291;292;293;331;332;333;334;335;337;338;341;342;343;344;345
STRONA MOZAIKI: 6; Box20;346;349;350;351;353;354;355;356;357;444;445;446;447;448;449;450;451;452;453;454
STRONA MOZAIKI: 7; Box20;455;456;457;459;461;462;463;465;467;469;477;555;556;557;558;559;560;561;562;566
STRONA MOZAIKI: 8; Box20;567;568;569;571;572;573;574;666;667;668;669;670;671;672;673;674;675;676;677;678
STRONA MOZAIKI: 9; Box20;679;680;681;682;683;684;685;686;687;690;691;692;693;777;778;779;780;781;782;783
STRONA MOZAIKI: 10; Box20;785;786;787;788;789;794;795;797;798;799;800;801;802;884;885;886;888;889;890;891
STRONA MOZAIKI: 11; Box20;892;893;894;895;994;995;996;997
