KANAL;typ;nazwa_dluga;Nazwa_krotka;Rozdzielczosc;USI;EPG_ID;typ_kanalu;male_logo;duze_logo;Lista_praw;ON_ID;TS_ID;S_ID;Type;IP;Port;Protocol;Service_Name;Content_Rights;
0;MOZAIKA;;;;;;;;;;;T01.00.84_E01.01.01;
1;Ogólne;TVP 1 HD;TVP 1 HD;HD;393;14135;IP;709C6DFA5333FC1A19B57F98CFC15E46F2E11975.png;D2A55C05BC0F850005201C8B883BAA5E842288A2.png; 2 ;1;241;340;1;232.0.19.72;5500;1;;1;T01.00.84_E01.01.01;
2;Ogólne;TVP 2 HD;TVP 2 HD;HD;394;14999;IP;C0250D1A76D7E48E8C412E63F0BBF7A6421D1C8A.png;447C2D7FFAFA2BD0577950295EDAFA236781B4B3.png; 2 ;1;244;343;1;232.0.19.75;5500;1;;1;T01.00.84_E01.01.01;
3;Ogólne;TVN HD;TVN HD;HD;461;14171;IP;F24358D18BB14E369B5F9CFECBFE489C85137374.png;023EB161F13DB92A223894BAB5FBEF3B2B57377D.png; 2 ;1;351;450;1;232.0.18.27;5500;1;;1;T01.00.84_E01.01.01;
4;Ogólne;TVN 7 HD;TVN 7 HD;HD;459;14177;IP;962875CE31531AB87C8084375F24B202E07F89E4.png;5B3A18FCC33A84123034309FAF6275635C16728E.png; 2 ;1;29;128;1;232.0.18.12;5500;1;;1;T01.00.84_E01.01.01;
5;Ogólne;Polsat HD;Polsat HD;HD;475;14137;IP;510EFFFF0A07DCEBB18FC270B494B55CD30FF395.png;2F5D055A7FE846BF19106FC7360AD3C04CA7971D.png; 2 ;1;30;129;1;232.0.18.32;5500;1;;1;T01.00.84_E01.01.01;
6;Ogólne;TV4 HD;TV4 HD;HD;457;14301;IP;9507DE0C8357C89C7729655DFF7664D68EC885F3.png;481347B31C6C420CDB1581F5CA4C11861547CC2C.png; 2 ;1;194;293;1;232.0.18.8;5500;1;;1;T01.00.84_E01.01.01;
7;Ogólne;TV Puls HD;TV Puls HD;HD;458;14302;IP;825655D97A84AA8EACA2FA27C58C3C7FD2D0FA04.png;C28BD9B7E0E8331D2A9FC02532AABDF1FEB1BB40.png; ;1;98;197;1;232.0.21.87;5500;0;;1;T01.00.84_E01.01.01;
8;Ogólne;TV Puls 2 HD;TV Puls 2 HD;HD;506;14303;IP;9A86CC28F806C7C2575B12F085F44F6533291F01.png;0085C259A38D279F0C0DA78167EFD3F0D2A1CEE6.png; ;1;279;378;1;232.0.21.205;5500;0;;1;T01.00.84_E01.01.01;
9;Ogólne;TTV HD;TTV HD;HD;484;14185;IP;A28F91938DB2E3AF587F1A334E4226107CB53EA7.png;DF74711F4D777256AF40B0C519C036587761881C.png; 2 ;1;213;312;1;232.0.21.207;5500;0;;1;T01.00.84_E01.01.01;
10;Ogólne;TVP Polonia;TVP Polonia;SD;403;14015;IP;F079546612394A3673CD824EA01EB86A347D6D6A.png;7FD5E6593D4CBC9B9C50AB08627336350DEC975F.png; ;1;132;231;1;232.0.22.35;5500;0;;1;T01.00.84_E01.01.01;
11;Ogólne;Super Polsat HD;Super Polsat HD;HD;480;14294;IP;8B9DFB8DBC0E0823368CAD7BB48B2BE4FFE64704.png;1D52C54D3665CD0CA5E0EFE1840BC3FBAC24FB1D.png; ;1;183;282;1;232.0.21.202;5500;0;;1;T01.00.84_E01.01.01;
12;SERWIS INTERAKTYWNY;Oferta NC+ ;Oferta NC+ ;;;;;82BFC3873C14AF2F79ED396A486BBDA83FC7C859.png};7A8A5262469E372E8346F28A7BB35AB5F1CFF360.png;;;T01.00.84_E01.01.01;
13;Ogólne;TV6 HD;TV6 HD;HD;482;14173;IP;46E41314F5364716F782B7B9CC54FD6ADBED72A6.png;625F09FF62EBD0643AB3B31E322C4E86FA724991.png; ;1;182;281;1;232.0.19.61;5500;1;;1;T01.00.84_E01.01.01;
14;Ogólne;TVP HD;TVP HD;HD;395;14167;IP;A7C2AB45B1F8656DD5F645A8EC3E38C330A3AEC5.png;121F619B4BEAC355900C7A8045478F29AC4D32A3.png; ;1;245;344;1;232.0.21.216;5500;0;;1;T01.00.84_E01.01.01;
15;Ogólne;BBC First;BBC First;HD;441;14170;IP;5C4FDA770A2FF7D414CDAE447E2112067318D855.png;5C4FDA770A2FF7D414CDAE447E2112067318D855.png; ;1;19;118;1;232.0.18.9;5500;1;;1;T01.00.84_E01.01.01;
16;Premium;HBO HD;HBO HD;HD;34;14165;IP;9C13E0E35D30E8935C1A95848F815136FF6BFEAD.png;4872EC13057AC726D7F7BB6B4CF22C0E6C13C2BE.png; 3 ;1;255;354;1;232.0.21.226;5500;0;;1;T01.00.84_E01.01.01;
17;SERWIS INTERAKTYWNY;Zwiastuny VOD ;Zwiastuny VOD ;;;;;94C928C0CB0220BA1B62CF4B2741F3F87BB23EC1.png};94C928C0CB0220BA1B62CF4B2741F3F87BB23EC1.png;;;T01.00.84_E01.01.01;
18;Filmy i seriale;Comedy Central HD;Comedy Central HD;HD;309;14250;IP;97EFEB806D1C11C938B52FB4ADDF9645BFDD7094.png;97EFEB806D1C11C938B52FB4ADDF9645BFDD7094.png; ;1;322;421;1;232.0.22.113;5500;0;;1;T01.00.84_E01.01.01;
19;Filmy i seriale;Paramount Channel HD;Paramount Channel HD;HD;325;14175;IP;247506C24AF37090382067409C97106EDC517777.png;850EB9A66B7120E2F29724860418193EA22D9E01.png; ;1;210;309;1;232.0.20.2;5500;1;;1;T01.00.84_E01.01.01;
20;Filmy i seriale;Comedy Central Family HD;Comedy Central Family HD;SD;46;14097;IP;D9D1BB69082FEBA5AA1AD52741A96E4F2E92ECA9.png;D9D1BB69082FEBA5AA1AD52741A96E4F2E92ECA9.png; ;1;57;156;1;232.0.21.217;5500;0;;1;T01.00.84_E01.01.01;
21;Informacja;TVN24;TVN24;SD;470;15012;IP;7790F40ECF8861491C137178778349DB797AEAAF.png;D2349620005FA01A6462BAB683A1DB9DF45548D8.png; 2 ;1;80;179;1;232.0.22.19;5500;0;;1;T01.00.84_E01.01.01;
22;Informacja;TVN24 HD;TVN24 HD;HD;465;14190;IP;3345A276972B09FF7DEFDDB7E93E600B3D203AF5.png;86DA6EF9FFD6B1056367CFB630739812E3D3E145.png; ;1;323;422;1;232.0.18.77;5500;1;;1;T01.00.84_E01.01.01;
23;Informacja;TVN24 BiS HD;TVN24 BiS HD;HD;464;14290;IP;82C6AD1209CF145754DFC4FCA13C609232FB9A8D.png;82C6AD1209CF145754DFC4FCA13C609232FB9A8D.png; ;1;367;466;1;232.0.21.161;5500;0;;1;T01.00.84_E01.01.01;
24;Informacja;TVP Info HD;TVP Info HD;HD;500;14014;IP;E92EFEB3C153D5118CA034533A1FD1D78F8DC86F.png;D78586F59AC7104EE15855ED3EB638E0589F82FB.png; 1 ;1;280;379;1;232.0.21.213;5500;0;;1;T01.00.84_E01.01.01;
25;Ogólne;TVP 3;TVP 3;SD;268;14215;IP;3B1ECF18FCDD161D129488016966E62CDD4B9CAE.png;5BDB6672CAD2B1DB9A3E43E9EFFEBF2D8894D1C1.png; 2 ;1;15;114;1;232.0.10.1;5500;0;;1;T01.00.84_E01.01.01;
28;Informacja;TV Republika;TV Republika;SD;491;14249;IP;F024A073E9CCCE5BABA9AA8F3428220792386520.png;E133918BDCE91D2174F3B4E5232E19B51377AFA0.png; ;1;206;305;1;232.0.22.94;5500;0;;1;T01.00.84_E01.01.01;
29;Informacja;Polsat News HD;Polsat News HD;HD;477;14233;IP;5DC1FE949E02F24D781773B7F0E061AB7F999E96.png;6056B3207CE0E3FE3FEFB0AB14DA875D2DFC4E5F.png; ;1;243;342;1;232.0.21.150;5500;0;;1;T01.00.84_E01.01.01;
30;Informacja;Superstacja;Superstacja;SD;490;15049;IP;5FF352E78FF752F085A0D98E3A14A844051F1467.png;CCB656604276F1729552FA8ED87C7ECF7980AE89.png; ;1;207;306;1;232.0.22.108;5500;0;;1;T01.00.84_E01.01.01;
31;Informacja;Polsat News 2;Polsat News 2;SD;476;14004;IP;23E0F27C73B8DEF695211975FF9742A10F6375B3.png;10849021A8E130EE1BB949836290D2A800A5C5A5.png; ;1;1;100;1;232.0.21.149;5500;0;;1;T01.00.84_E01.01.01;
32;Informacja;wPolsce 4K;wPolsce 4K;UHD_1;584;14323;IP;48B8D8799B188367C770464E6A95D6DBF099A428.png;48B8D8799B188367C770464E6A95D6DBF099A428.png; ;1;534;633;1;232.0.19.98;5500;1;;0;T01.00.84_E01.01.01;
33;Ogólne;Nowa TV  HD;Nowa TV  HD;HD;388;14287;IP;1807C7A046C159254524101A9E536AA6531D0FE3.png;4109CF7F390E17354FE7A49531AFA0F7F9137068.png; ;1;528;627;1;232.0.20.79;5500;1;;1;T01.00.84_E01.01.01;
34;Ogólne;Metro TV  HD;Metro TV  HD;HD;533;14289;IP;8C3FA501C964E91666E8D9878033318CF86F2E5F.png;7F789066A22A170B7A430019BC1CBF0CB187B289.png; ;1;529;628;1;232.0.20.85;5500;0;;1;T01.00.84_E01.01.01;
35;Ogólne;WP;WP;SD;523;14288;IP;FABD610152E04A5E082F22F4A7A22DD983133998.png;48EB3135FCEDCB1B8B79FBB907FF7354F027A389.png; ;1;26;125;1;232.0.22.97;5500;0;;1;T01.00.84_E01.01.01;
36;Ogólne;Zoom TV  HD;Zoom TV  HD;HD;522;14286;IP;477AFB3805AD064EF9A24A37B386DC02947992A1.png;1D0E460501DA6CE94A45D39336292824071A9432.png; ;1;533;632;1;232.0.20.78;5500;1;;1;T01.00.84_E01.01.01;
37;Ogólne;Epic Drama HD;Epic Drama HD;HD;556;14307;IP;3042FA42C6BD2D02C63399890F022B1CB3A2C3A8.png;3FBD825FA9213525A28490E8F27BDF3BF5684A8F.png; ;1;343;442;1;232.0.21.206;5500;0;;1;T01.00.84_E01.01.01;
44;Ogólne;Festival 4K;Festival 4K;UHD_1;408;14295;IP;7ADB21752DA8537AAE7433AF49FC4ADABD321CB6.png;DAEB3272B4701D6446070349569EFAF4AF124162.png; ;1;263;362;1;232.0.21.234;5500;0;;1;T01.00.84_E01.01.01;
46;Inne kana\u0142y;Promo VOD 1 ;Promo VOD 1 ;HD;497;14243;IP;361C9B0093EDF4944F4A3A467BDAFC49A828AD90.png;E373D5B55116C64D4B75A3A78CD89521657635B5.png; ;1;222;321;1;232.0.22.123;5500;0;;1;T01.00.84_E01.01.01;
111;Sport;Eurosport 1 HD;Eurosport 1 HD;HD;360;14162;IP;C04D70028629B99B05AA6318FE365084611A923A.png;9D36D5DF7B11A41A06BB6DAF297D26A21744D4F0.png; ;1;379;478;1;232.0.21.70;5500;0;;1;T01.00.84_E01.01.01;
112;Sport;Eurosport 2 HD;Eurosport 2 HD;HD;362;14163;IP;7E34E5A777CC7103DCFC2958EC55101E13AFA620.png;E26149BB785138D9E0B4DD1FA35EAD3B30B5F0DD.png; ;1;380;479;1;232.0.18.5;5500;1;;1;T01.00.84_E01.01.01;
113;Sport;TVP Sport HD;TVP Sport HD;HD;437;14108;IP;C5D6B1AA0D7D3D5CDD65A6F3B53FCF503637D4A8.png;62B1EEE3763E9F470F07C58F89A5F771C708141C.png; ;1;242;341;1;232.0.21.88;5500;0;;1;T01.00.84_E01.01.01;
114;Sport;Polsat Sport HD;Polsat Sport HD;HD;452;14296;IP;E74B0F6710BD3A3513EFC49A34F61BC2331C50A8.png;0866919C7EFD52079F3614A2E401CC32492598BB.png; 14 ;1;192;291;1;232.0.21.163;5500;0;;1;T01.00.84_E01.01.01;
115;Sport;Polsat Sport Extra HD;Polsat Sport Extra HD;HD;453;14297;IP;8FB4DA48ACFF0F674D7B03035A7EF1272EDAB2B9.png;E439BB23B58DFB4503BA9C06195A40A27B8D2CE4.png; 14 ;1;193;292;1;232.0.21.164;5500;0;;1;T01.00.84_E01.01.01;
116;Sport;Polsat Sport News HD;Polsat Sport News HD;HD;456;14298;IP;9D110B4EE7374094CCA6DA496E1235ECDC806118.png;09EDC98818060883817097416C4111F17819B8F4.png; 14 ;1;118;217;1;232.0.21.168;5500;0;;1;T01.00.84_E01.01.01;
117;Sport;Polsat Sport Fight HD;Polsat Sport Fight HD;HD;455;14299;IP;FE40931EE958DBFFE08173498BDD624104064FFC.png;F026EBE032CA81AF294037290251EFBDA5349174.png; 14 ;1;117;216;1;232.0.21.167;5500;0;;1;T01.00.84_E01.01.01;
118;Sport;nSport HD;nSport HD;HD;412;14146;IP;F02DC05B8472AE5C54BB245AE86982A432886D8C.png;94EE8671921565EE912C873C1756188F82E51643.png; ;1;43;142;1;232.0.21.41;5500;0;;1;T01.00.84_E01.01.01;
119;Sport;Eleven Sports 1 4K;Eleven Sports 1 4K;UHD_1;553;14305;IP;AA7DD4259AE63FA3BA7C15343BAA703B6C6DBB58.png;2C9B6B9F858F1EDFF1EDA1F23A8BA216A0AD884B.png; ;1;264;363;1;232.0.21.235;5500;0;;1;T01.00.84_E01.01.01;
120;Sport;Eleven Sports 1 HD;Eleven Sports 1 HD;HD;535;14271;IP;AA7DD4259AE63FA3BA7C15343BAA703B6C6DBB58.png;2C9B6B9F858F1EDFF1EDA1F23A8BA216A0AD884B.png; ;1;71;170;1;232.0.22.100;5500;0;;1;T01.00.84_E01.01.01;
121;Sport;Eleven Sports 2 HD;Eleven Sports 2 HD;HD;534;14272;IP;F6E4E5B81160F0041F0CA8C46635AD8F3E20FEBF.png;AA2CF5A164230758A89F65FB55CD7BE9E7C26696.png; ;1;78;177;1;232.0.22.114;5500;0;;1;T01.00.84_E01.01.01;
122;Sport;Eleven Sports 3 HD;Eleven Sports 3 HD;HD;554;14306;IP;57A03ED08F334A67DABC049794B1E20DDCFFA248.png;2A766AB0449DE7A945A41E6AB79B5D09BBA21AFB.png; ;1;366;465;1;232.0.21.203;5500;0;;1;T01.00.84_E01.01.01;
124;Sport;Extreme Sports;Extreme Sports;HD;509;14224;IP;CC46B245EBD10C23BF10B61EADAB287075D99869.png;C25409896AB17FA5CF1D3481B8FD5529D4495329.png; ;1;283;382;1;232.0.22.63;5500;0;;1;T01.00.84_E01.01.01;
125;Sport;SportKlub HD;SportKlub HD;HD;449;14216;IP;F08398CF0A288A685C3D9D63D7F6D4F4C15D800E.png;9312D2B20134EDC9A5F3FF5A40BEE32434184F0E.png; ;1;299;398;1;232.0.22.66;5500;0;;1;T01.00.84_E01.01.01;
126;Sport;FightKlub HD;FightKlub HD;HD;442;14273;IP;12B3410AE8E28E9B58CD3A76ADCD940E7E347A61.png;07E91819F3F41DC44051BD01CFA1FC0168E950A4.png; ;1;105;204;0;232.0.18.10;5500;1;;1;T01.00.84_E01.01.01;
127;Sport;FightBox HD;FightBox HD;HD;517;14197;IP;BB92E4B401EF0465DF56CEC9F47DEF614E509B46.png;089217CFAE2146DCDA497B6AC1BE5FC6EE7D92E0.png; ;1;271;370;1;232.0.20.5;5500;1;;1;T01.00.84_E01.01.01;
128;Sport;Motowizja HD;Motowizja HD;SD;436;14232;IP;345699EEF72CF1B3E182B42E4FEA5927447843E6.png;17478B8D852A2E9128D624D50036EA42F304FDBB.png; ;1;523;622;1;232.0.18.7;5500;1;;1;T01.00.84_E01.01.01;
129;Sport;E-sport HD;E-sport HD;HD;561;14309;IP;095FF0862EADFCDB649237A9EAD27AF7E20F9543.png;6B04B92264B41E50C19853EA03A942A249200077.png; ;1;342;441;1;232.0.21.204;5500;0;;1;T01.00.84_E01.01.01;
130;Sport;Family Active;Family Active;SD;332;14259;IP;CDDFC4EA94C4B6F017A9CF1882B521FBEBF93293.png;C9CC73461D519E5120C415B2C002BC1594500BA5.png; ;1;83;182;1;232.0.22.33;5500;0;;1;T01.00.84_E01.01.01;
131;Sport;KSW 47;KSW 47;HD;586;14304;IP;594F415048E1D6B9E1039D2F0A0EEC7F284CD4DB.png;594F415048E1D6B9E1039D2F0A0EEC7F284CD4DB.png; 43 ;1;388;487;1;232.0.20.13;5500;1;;0;T01.00.84_E01.01.01;
133;Sport;Canal+ Sport;Canal+ Sport;HD;409;14207;IP;96E9D7B17DED44302392E06B55BA428D74CAC7EE.png;310E660CC85C270252BDFCE7A206867661294F4A.png; 13 ;1;354;453;1;232.0.21.32;5500;0;;1;T01.00.84_E01.01.01;
134;Sport;Canal+ Sport 2;Canal+ Sport 2;HD;410;14253;IP;84A73E40632EFA006A8A16BF3760AAFA5994E3F6.png;D81EABD1C08941F60A21E0E5207E50B1AD4FB74A.png; 13 ;1;47;146;1;232.0.21.33;5500;0;;1;T01.00.84_E01.01.01;
144;Sport;Polsat Sport Premium 1;Polsat Sport Premium 1;HD;569;14317;IP;83160C204E7CD0668AB9FE63E7A9287B02DAA2D7.png;ABCA003067DDC50DE731F2D44027EAF94CB78F1B.png; ;1;513;612;1;232.0.21.221;5500;0;;1;T01.00.84_E01.01.01;
145;Sport;Polsat Sport Premium 2;Polsat Sport Premium 2;HD;570;14318;IP;83160C204E7CD0668AB9FE63E7A9287B02DAA2D7.png;83160C204E7CD0668AB9FE63E7A9287B02DAA2D7.png; ;1;516;615;1;232.0.21.26;5500;0;;1;T01.00.84_E01.01.01;
146;Sport;Polsat Sport Premium 3 PPV;Polsat Sport Premium 3 PPV;HD;571;14319;IP;73F5D151D3580D4AB39FDE222708813256DB6D84.png;73F5D151D3580D4AB39FDE222708813256DB6D84.png; ;1;514;613;1;232.0.21.222;5500;0;;1;T01.00.84_E01.01.01;
147;Sport;Polsat Sport Premium 4 PPV;Polsat Sport Premium 4 PPV;HD;572;14320;IP;12876A4691F3AD00030EAD5B844FF450006BCE4D.png;12876A4691F3AD00030EAD5B844FF450006BCE4D.png; ;1;515;614;1;232.0.21.225;5500;0;;1;T01.00.84_E01.01.01;
148;Sport;Polsat Sport Premium 5 PPV;Polsat Sport Premium 5 PPV;HD;573;14321;IP;FB5E85277FB60F075122A0E85347315008A2F36C.png;FB5E85277FB60F075122A0E85347315008A2F36C.png; ;1;517;616;1;232.0.21.27;5500;0;;1;T01.00.84_E01.01.01;
149;Sport;Polsat Sport Premium 6 PPV;Polsat Sport Premium 6 PPV;HD;574;14322;IP;7EE5D9200C4547FFFCFCE16A92D68E9B1B193B88.png;7EE5D9200C4547FFFCFCE16A92D68E9B1B193B88.png; ;1;518;617;1;232.0.21.29;5500;0;;1;T01.00.84_E01.01.01;
200;SERWIS INTERAKTYWNY;Netflix ;Netflix ;;;;;F29292D52A915A58F023992FCA58088C4381A0F5.png};F29292D52A915A58F023992FCA58088C4381A0F5.png;;;T01.00.84_E01.01.01;
221;Inne kana\u0142y;Promo VOD 2 ;Promo VOD 2 ;HD;302;14243;IP;361C9B0093EDF4944F4A3A467BDAFC49A828AD90.png;E373D5B55116C64D4B75A3A78CD89521657635B5.png; ;1;58;157;1;232.0.22.28;5500;0;;1;T01.00.84_E01.01.01;
222;Filmy i seriale;TVN Fabu\u0142a HD;TVN Fabu\u0142a HD;HD;460;14258;IP;B691933D4D5DFF8BAE23B2C93A0CC7460D180C34.png;FD7E2E453773936EDBB396629E64722024DF182C.png; 2 ;1;18;117;1;232.0.21.157;5500;0;;1;T01.00.84_E01.01.01;
223;Filmy i seriale;TVP Seriale;TVP Seriale;SD;399;14130;IP;4C13C756D928C97920B6B5EE631E979D6FD6DD76.png;9C4B1CB2EEEE94327186D97FEE65F62150A3FF33.png; 2 ;1;154;253;1;232.0.22.15;5500;0;;1;T01.00.84_E01.01.01;
224;Filmy i seriale;TVP Kultura;TVP Kultura;SD;100;14016;IP;3A9E15334377C836128DAA03D1506A50D5C86C26.png;7522D6576933FD68C5BFBC1771FCC319E3ADC625.png; 2 ;1;53;152;1;232.0.22.12;5500;0;;1;T01.00.84_E01.01.01;
225;Filmy i seriale;Stopklatka TV  HD;Stopklatka TV  HD;HD;489;14237;IP;6772C69E3EC189888146D2FEBB186E7F3569D1F6.png;2CF10E7CC812B7DAE1ED781A846DF3F6A18B92DB.png; 2 ;1;532;631;1;232.0.20.77;5500;1;;1;T01.00.84_E01.01.01;
226;Filmy i seriale;Kino Polska HD;Kino Polska HD;HD;435;15014;IP;019609E07C1FFEE2FA9C0ECA91430F839E2E6AE2.png;1D67778DA58AD18B50B93193306E4F27FEC1E762.png; ;1;525;624;1;232.0.18.55;5500;1;;1;T01.00.84_E01.01.01;
228;Filmy i seriale;13 Ulica HD;13 Ulica HD;HD;378;14281;IP;EA7C6E0C1A5C4B1693202E8143A478DA61EA1C06.png;9A999D9349846DA3273C70954544039EF7491B37.png; ;1;103;202;1;232.0.22.68;5500;0;;1;T01.00.84_E01.01.01;
229;Filmy i seriale;Comedy Central HD;Comedy Central HD;HD;309;14250;IP;97EFEB806D1C11C938B52FB4ADDF9645BFDD7094.png;97EFEB806D1C11C938B52FB4ADDF9645BFDD7094.png; ;1;322;421;1;232.0.22.113;5500;0;;1;T01.00.84_E01.01.01;
230;Filmy i seriale;Comedy Central Family HD;Comedy Central Family HD;SD;46;14097;IP;D9D1BB69082FEBA5AA1AD52741A96E4F2E92ECA9.png;D9D1BB69082FEBA5AA1AD52741A96E4F2E92ECA9.png; ;1;57;156;1;232.0.21.217;5500;0;;1;T01.00.84_E01.01.01;
231;Filmy i seriale;Ale Kino+ HD;Ale Kino+ HD;HD;415;14200;IP;5D0E5A7E9331749AA9E9DA21CB0114137BC438E6.png;E9DFE24762D99AF5734985F5FFA3274C5B884711.png; ;1;238;337;1;232.0.21.38;5500;0;;1;T01.00.84_E01.01.01;
232;Filmy i seriale;Paramount Channel HD;Paramount Channel HD;HD;325;14175;IP;247506C24AF37090382067409C97106EDC517777.png;850EB9A66B7120E2F29724860418193EA22D9E01.png; ;1;210;309;1;232.0.20.2;5500;1;;1;T01.00.84_E01.01.01;
233;Filmy i seriale;Kino TV  HD;Kino TV  HD;HD;432;14132;IP;BFE9FD914DE53008A67DD6FA9B119058A2109E7E.png;F6C8567FC80423CC7EFDECD822CA571A07DB8986.png; ;1;159;258;1;232.0.18.38;5500;1;;1;T01.00.84_E01.01.01;
234;Filmy i seriale;AMC HD;AMC HD;HD;438;14164;IP;B2CF71F44662B74B7ED3622E01D5626CBD4D9038.png;F4DA8FCA6E0C989EC81AA615442331E29F231314.png; ;1;52;151;1;232.0.18.1;5500;1;;1;T01.00.84_E01.01.01;
235;Filmy i seriale;TNT HD;TNT HD;HD;510;14219;IP;7C5407FD7C674E2E74C2A1BD72853FBD314E2E4E.png;7C5407FD7C674E2E74C2A1BD72853FBD314E2E4E.png; ;1;284;383;1;232.0.20.9;5500;1;;1;T01.00.84_E01.01.01;
236;Filmy i seriale;FOX HD;FOX HD;HD;16;14138;IP;B11A02C826ABB335C118A1990C4DC1003852F69F.png;6DC9C51A2010B5D5C77BE98227565B78C397E41C.png; ;1;20;119;1;232.0.20.6;5500;1;;1;T01.00.84_E01.01.01;
237;Filmy i seriale;FOX Comedy HD;FOX Comedy HD;HD;40;14166;IP;7ADC7282F4E57A862BB222EDF866CB1EE97F6B23.png;5FBB5444326807B293303A1E5AB13B92AEF3742C.png; ;1;51;150;1;232.0.20.8;5500;1;;1;T01.00.84_E01.01.01;
238;Inne kana\u0142y;Promo VOD 3 ;Promo VOD 3 ;HD;583;14243;IP;361C9B0093EDF4944F4A3A467BDAFC49A828AD90.png;E373D5B55116C64D4B75A3A78CD89521657635B5.png; ;1;372;471;1;232.0.7.5;5500;0;;1;T01.00.84_E01.01.01;
239;Filmy i seriale;AXN HD;AXN HD;HD;38;14172;IP;4D97C55C123B8672FA13DE6D15E69E6761FB38C3.png;4D97C55C123B8672FA13DE6D15E69E6761FB38C3.png; ;1;49;148;1;232.0.20.7;5500;1;;1;T01.00.84_E01.01.01;
240;Filmy i seriale;AXN Black;AXN Black;SD;50;15047;IP;7A37656698D430BFA72879BB715E214EA61DEDA1.png;61550B16DEC7C9350DB4121505AC6834C0CFBF77.png; ;1;364;463;1;232.0.22.129;5500;0;;1;T01.00.84_E01.01.01;
241;Filmy i seriale;AXN White;AXN White;SD;49;15046;IP;330384CA40AF9232D29289DD62BBC51936A2F7C1.png;8EB1EF49712F72F40EEED0EDAA06DBB53CCE32B0.png; ;1;362;461;1;232.0.22.127;5500;0;;1;T01.00.84_E01.01.01;
242;Filmy i seriale;AXN Spin HD;AXN Spin HD;HD;245;14201;IP;554246505283CD137427F6F8EBACEE313D005F5D.png;5082F271D52BBEAFCB0347978BA9618CD005C254.png; ;1;211;310;1;232.0.20.3;5500;1;;1;T01.00.84_E01.01.01;
243;Filmy i seriale;Polsat Film HD;Polsat Film HD;HD;474;14230;IP;B20F5E1C98C6FC133D37DCFF167477092AB2EAF5.png;3F51B3540D95DA222B0BF1DAEB150CC88149CFF5.png; ;1;324;423;1;232.0.21.147;5500;0;;1;T01.00.84_E01.01.01;
244;Filmy i seriale;Romance TV HD;Romance TV HD;HD;428;14174;IP;F16B9711E54EA15C914A11E350282EBA008486EF.png;BC66C0682E05C97799CD734B3A077887790F3D4B.png; ;1;28;127;1;232.0.21.69;5500;0;;1;T01.00.84_E01.01.01;
245;Filmy i seriale;Sci Fi HD;Sci Fi HD;HD;51;14096;IP;8A21EAE70CA9D4138784DF120AE02F42A234070B.png;3018E4DE683F3659AB32E99ED950F84BE5D2F0A8.png; ;1;519;618;1;232.0.21.30;5500;0;;1;T01.00.84_E01.01.01;
246;Filmy i seriale;Epic Drama HD;Epic Drama HD;HD;556;14307;IP;3042FA42C6BD2D02C63399890F022B1CB3A2C3A8.png;3FBD825FA9213525A28490E8F27BDF3BF5684A8F.png; ;1;343;442;1;232.0.21.206;5500;0;;1;T01.00.84_E01.01.01;
247;Filmy i seriale;CBS Europa HD;CBS Europa HD;HD;508;14228;IP;C70A2C76EEE80680C487E0B7836B1FBCBE89AC0F.png;2FEAA1D402AA5C98D7359F86568776D5B665C53B.png; ;1;282;381;1;232.0.22.62;5500;0;;1;T01.00.84_E01.01.01;
248;Filmy i seriale;CBS Action;CBS Action;SD;56;14227;IP;193E0DC8AD56211C0955755FF9264F3453CCA846.png;7157D04DC268E98856D9D9893AB681C91464EEC0.png; ;1;365;464;1;232.0.22.130;5500;0;;1;T01.00.84_E01.01.01;
250;Filmy i seriale;Sundance TV HD;Sundance TV HD;HD;261;14195;IP;BC17B316DEA865AE387A211791DFDCDA8C925C1D.png;036C796B0F541D9093D78CEB0C758A21D9D00E1D.png; ;1;300;399;1;232.0.22.116;5500;0;;1;T01.00.84_E01.01.01;
252;SERWIS INTERAKTYWNY;Zwiastuny VOD ;Zwiastuny VOD ;;;;;94C928C0CB0220BA1B62CF4B2741F3F87BB23EC1.png};94C928C0CB0220BA1B62CF4B2741F3F87BB23EC1.png;;;T01.00.84_E01.01.01;
253;Filmy i seriale;Polsat Romans;Polsat Romans;SD;479;14229;IP;222A9DC29D4123325598C201318B78DD37CD137B.png;F2E85416454DAABE599C3B7171E8013FECFBF540.png; ;1;65;164;1;232.0.21.152;5500;0;;1;T01.00.84_E01.01.01;
254;Filmy i seriale;Polsat 2 HD;Polsat 2 HD;HD;524;14139;IP;88ED9BB9747714266F3085573C59775EE79E1106.png;5D6D4C7387162A01739C43B2879F26A6FDA0E045.png; ;1;295;394;1;232.0.20.1;5500;1;;1;T01.00.84_E01.01.01;
266;Premium;HBO HD;HBO HD;HD;34;14165;IP;9C13E0E35D30E8935C1A95848F815136FF6BFEAD.png;4872EC13057AC726D7F7BB6B4CF22C0E6C13C2BE.png; 3 ;1;255;354;1;232.0.21.226;5500;0;;1;T01.00.84_E01.01.01;
267;Premium;HBO2 HD;HBO2 HD;HD;35;14147;IP;DC4F3A23FA49A8D193FD81B7735C5FB2A2313A58.png;45B56A10BDEE95FA4453DE65BAD9AAECB747F0FB.png; 3 ;1;256;355;1;232.0.21.227;5500;0;;1;T01.00.84_E01.01.01;
268;Premium;HBO3 HD;HBO3 HD;HD;36;14148;IP;ECA4564D8DACB920332E36FAC7B56BC79E36D587.png;450DF49CEC2923B82E7F2E546B54F13D99D257EE.png; 3 ;1;257;356;1;232.0.21.228;5500;0;;1;T01.00.84_E01.01.01;
270;Premium;Cinemax HD;Cinemax HD;HD;57;14149;IP;B0F06B027B7E81B455637204B55DD92D921346C9.png;B0F06B027B7E81B455637204B55DD92D921346C9.png; 4 ;1;258;357;1;232.0.21.229;5500;0;;1;T01.00.84_E01.01.01;
271;Premium;Cinemax 2 HD;Cinemax 2 HD;HD;58;14150;IP;B0419448189805EB3E622BAD8F5E8CE6C4D43AE8.png;B0419448189805EB3E622BAD8F5E8CE6C4D43AE8.png; 4 ;1;259;358;1;232.0.21.230;5500;0;;1;T01.00.84_E01.01.01;
277;Premium;Canal+;Canal+;HD;416;14206;IP;C198E789590F890FA8066BCB7A126D1D1BB51C8B.png;F19594551394349F94B3C8A9B85388886921AEA5.png; 8 ;1;234;333;1;232.0.21.31;5500;0;;1;T01.00.84_E01.01.01;
278;Premium;Canal+ Film;Canal+ Film;HD;420;14204;IP;A2832355361DA12051353335CD9022B9E73BA192.png;D55909BD1B16D332E23A55646DE51CE851FFE496.png; 9 ;1;230;329;1;232.0.21.50;5500;0;;1;T01.00.84_E01.01.01;
279;Premium;Canal+ Family;Canal+ Family;HD;419;14202;IP;E4CC14797E7A6B29EC390E4A42DDDD7380E7EFB7.png;C9041E1B83C0FCB21444A623AF844592B1841795.png; 11 ;1;232;331;1;232.0.21.49;5500;0;;1;T01.00.84_E01.01.01;
280;Premium;Canal+ >>1;Canal+ >>1;HD;417;14203;IP;D60532D1F8BBB98DFF38B6F167631998ADC3F2C2.png;4EF14911DF71801596D59A787B691740C00A3521.png; 7 ;1;231;330;1;232.0.21.45;5500;0;;1;T01.00.84_E01.01.01;
281;Premium;Canal+ Seriale;Canal+ Seriale;HD;421;14205;IP;24C589E61D50687E8FC400064815DCCE599FFA6D.png;3FE12AD8D0ADFE177A046E933BE62DCFE4C2AC31.png; 10 ;1;233;332;1;232.0.21.53;5500;0;;1;T01.00.84_E01.01.01;
282;Premium;Canal+ Sport;Canal+ Sport;HD;409;14207;IP;96E9D7B17DED44302392E06B55BA428D74CAC7EE.png;310E660CC85C270252BDFCE7A206867661294F4A.png; 16 ;1;354;453;1;232.0.21.32;5500;0;;1;T01.00.84_E01.01.01;
283;Premium;Canal+ Sport 2;Canal+ Sport 2;HD;410;14253;IP;84A73E40632EFA006A8A16BF3760AAFA5994E3F6.png;D81EABD1C08941F60A21E0E5207E50B1AD4FB74A.png; 15 ;1;47;146;1;232.0.21.33;5500;0;;1;T01.00.84_E01.01.01;
284;Premium;Canal+ Discovery;Canal+ Discovery;HD;418;14254;IP;7FB08F01B2CF5D016EBC449952ECC2BE7DA0A8BE.png;209F4D71FD0BD993BB97D0F13C1A45BEF9DC2A7F.png; 12 ;1;239;338;1;232.0.21.46;5500;0;;1;T01.00.84_E01.01.01;
288;Premium;FilmBox Extra HD;FilmBox Extra HD;HD;424;14151;IP;BD957ECE7CD1CFFB1ED54D465D37DC07F5E7151D.png;27270D88A6EE93B54BA0BED84AD14F823276EB18.png; 5 ;1;72;171;1;232.0.21.62;5500;0;;1;T01.00.84_E01.01.01;
289;Premium;FilmBox Premium HD;FilmBox Premium HD;HD;425;14152;IP;C8512B6E45B1269BEB031ED54701EC6A9B6D719C.png;F18298091B2225383304169CA02D60A531A2F42D.png; 5 ;1;62;161;1;232.0.21.64;5500;0;;1;T01.00.84_E01.01.01;
290;Premium;FilmBox Family;FilmBox Family;SD;434;14153;IP;39266B3A96BA0D0131E26B71F3A6A17B6761E84E.png;6D8A23F8F78F8A1E722B8AD89F0F571D07FB5974.png; 5 ;1;67;166;1;232.0.18.3;5500;1;;1;T01.00.84_E01.01.01;
291;Premium;FilmBox Action;FilmBox Action;SD;433;14198;IP;DA8932748050BEC2D5561CCE2BE365C4A65541B3.png;056CABD0362C299897250840ED71A7B61FAEA9C7.png; 5 ;1;121;220;1;232.0.21.82;5500;0;;1;T01.00.84_E01.01.01;
292;Premium;FightBox HD;FightBox HD;HD;517;14197;IP;BB92E4B401EF0465DF56CEC9F47DEF614E509B46.png;089217CFAE2146DCDA497B6AC1BE5FC6EE7D92E0.png; ;1;271;370;1;232.0.20.5;5500;1;;1;T01.00.84_E01.01.01;
293;Premium;FilmBox Arthouse;FilmBox Arthouse;SD;518;14277;IP;6C980000AEA093E4FD992A3F23600843933BBEBD.png;48F21FCE748BF9A658CC250538CDBEE9630BE24D.png; ;1;227;326;1;232.0.21.154;5500;0;;1;T01.00.84_E01.01.01;
300;Inne kana\u0142y;Promo VOD 4 ;Promo VOD 4 ;HD;582;14243;IP;361C9B0093EDF4944F4A3A467BDAFC49A828AD90.png;E373D5B55116C64D4B75A3A78CD89521657635B5.png; ;1;373;472;1;232.0.7.6;5500;0;;1;T01.00.84_E01.01.01;
331;Lifestyle i rozrywka;TVN Style;TVN Style;SD;468;15016;IP;4171E5BDE56D394C66C2B18736E0E817DD2AB57A.png;2642AC5AE47354814EE96D9BD7E488BAA5D8AE53.png; 2 ;1;40;139;1;232.0.19.8;5500;1;;1;T01.00.84_E01.01.01;
332;Lifestyle i rozrywka;TVN Turbo;TVN Turbo;SD;469;15010;IP;1A0958D4E7C72DB55A079DCC02AB63BED145C637.png;303F0CAEA2ECE31DE420F33A34304EA6394B701C.png; 2 ;1;42;141;1;232.0.22.40;5500;0;;1;T01.00.84_E01.01.01;
333;Lifestyle i rozrywka;TVN Style HD;TVN Style HD;HD;462;14176;IP;8031187B574F592C0DA7DCE6064EFB42F2033E03.png;C52AE8E793169A05B498DED89EDBFFC620BEA26A.png; ;1;31;130;1;232.0.21.159;5500;0;;1;T01.00.84_E01.01.01;
334;Lifestyle i rozrywka;TVN Turbo HD;TVN Turbo HD;HD;463;14178;IP;007FB68143158B9434C15DC0698A9D93F1C4C090.png;E0591498CAB296167B93F85A8ADECA80280D955E.png; ;1;32;131;1;232.0.21.160;5500;0;;1;T01.00.84_E01.01.01;
335;Lifestyle i rozrywka;HGTV HD;HGTV HD;HD;486;15021;IP;6C0241F3383EF411DCAA23616D5911522F6FC58D.png;074D861519D4A5271D167A75E780F27FA2C296B1.png; 1 ;1;524;623;1;232.0.21.140;5500;1;;1;T01.00.84_E01.01.01;
337;Lifestyle i rozrywka;TVP Rozrywka;TVP Rozrywka;SD;404;14193;IP;18386464AE423B7A3CAA5FFB07A44A8DDE64325E.png;2DE7825C10B37F7E480F3CBD4C6DF4823FB7CD7F.png; ;1;120;219;1;232.0.22.31;5500;0;;1;T01.00.84_E01.01.01;
338;Lifestyle i rozrywka;TLC HD;TLC HD;HD;359;14072;IP;8C9CC299F4C644FC0F599648A545D2AA21217525.png;8C9CC299F4C644FC0F599648A545D2AA21217525.png; ;1;196;295;1;232.0.20.16;5500;1;;1;T01.00.84_E01.01.01;
339;Lifestyle i rozrywka;Domo+ HD;Domo+ HD;HD;411;14210;IP;ACF546A9AA7459514C17044E4924880E6A58F33B.png;06191ED228248AD7F1DEE627FD93CEA9FFEE9B53.png; ;1;355;454;1;232.0.21.34;5500;0;;1;T01.00.84_E01.01.01;
340;Lifestyle i rozrywka;Kuchnia+ HD;Kuchnia+ HD;HD;423;14211;IP;4A61986E4B94456EB9E0436F3A0A4F5D1A66CA92.png;ABD35A64F8488BEE80C4F0A57EA0A12C0A8DAF85.png; ;1;356;455;1;232.0.21.57;5500;0;;1;T01.00.84_E01.01.01;
341;Lifestyle i rozrywka;Food Network HD;Food Network HD;HD;528;14293;IP;1B92520FA5EA9018B8FD0D5DC4569A3E65035527.png;B1B07AF06B2AA628AA4F405605C8A28837B6621A.png; ;1;293;392;1;232.0.22.124;5500;0;;1;T01.00.84_E01.01.01;
342;Lifestyle i rozrywka;BBC Brit HD;BBC Brit HD;HD;316;14252;IP;B40AA94A63BF4F2BEDB65C7A54D7326C471EAD68.png;0FF0A5D4D224C57988934055D4BF8BFBF8DE19F6.png; ;1;237;336;1;232.0.21.208;5500;0;;1;T01.00.84_E01.01.01;
343;Lifestyle i rozrywka;E! Polska HD;E! Polska HD;HD;498;14235;IP;CF6735C8B2B8F2692282D21E2D4F75FC0B923402.png;CF6735C8B2B8F2692282D21E2D4F75FC0B923402.png; ;1;275;374;1;232.0.22.64;5500;0;;1;T01.00.84_E01.01.01;
344;Lifestyle i rozrywka;CBS Reality;CBS Reality;SD;446;14226;IP;6D7EB90C7A14AF20A853283890D65437B6E0B7F4.png;EC8B818CFD0EFD19EA34F4489B5CB6BEC1AB3EDE.png; ;1;329;428;1;232.0.21.136;5500;0;;1;T01.00.84_E01.01.01;
345;Lifestyle i rozrywka;BBC Lifestyle HD;BBC Lifestyle HD;HD;105;14063;IP;B9DE8B718A9A8518A136ACA314C480A3048E6943.png;1A7300B52EF36EA1AD281DCECF56067377825AF8.png; ;1;97;196;1;232.0.21.86;5500;0;;1;T01.00.84_E01.01.01;
346;Lifestyle i rozrywka;Lifetime HD;Lifetime HD;HD;315;14251;IP;3EF7F37E46A024ACA8A658C30BF5E1A957B2584F.png;3EF7F37E46A024ACA8A658C30BF5E1A957B2584F.png; ;1;198;297;1;232.0.20.11;5500;1;;1;T01.00.84_E01.01.01;
347;Lifestyle i rozrywka;Polsat Play HD;Polsat Play HD;HD;525;14160;IP;E12AE1694EA30FE617A3828E5F0153812C4BD4E2.png;3ED7F36BEC8DF1D461410AE3E6D4E6C604C7BB24.png; ;1;296;395;1;232.0.22.103;5500;0;;1;T01.00.84_E01.01.01;
348;Lifestyle i rozrywka;Polsat Cafe HD;Polsat Cafe HD;HD;526;14161;IP;9D55644AC5CF87C58277FA072F11B4371CC96F6E.png;07167592FC980ACAEAC8FB41B2C3F08FC6AE1C2C.png; ;1;297;396;1;232.0.20.12;5500;1;;1;T01.00.84_E01.01.01;
349;Lifestyle i rozrywka;Fashion TV;Fashion TV;SD;122;14027;IP;3EAE98F7B5645400CE5E18CFF8FEE11259F7A61C.png;7EFE93FD5790D180B4FC323C3A1084222300FA9B.png; ;1;5;104;1;232.0.22.76;5500;0;;1;T01.00.84_E01.01.01;
350;Lifestyle i rozrywka;Mango 24;Mango 24;SD;487;14029;IP;3BD4043BF78B07552A534E6B6025E5C6B2E4A446.png;7953BC54667DFDFA30ECAD119460CD2DA15A4F2A.png; 2 ;1;216;315;1;232.0.21.252;5500;0;;1;T01.00.84_E01.01.01;
351;Lifestyle i rozrywka;To!TV;To!TV;SD;546;14006;IP;58A829651ABC5919FCFD869DEE3CF4EE380D8CB0.png;BE2ADDE96CEE61EE2B366DAA46C32BA15227E175.png; ;1;160;259;1;232.0.19.7;5500;1;;1;T01.00.84_E01.01.01;
352;Lifestyle i rozrywka;TBN Polska;TBN Polska;SD;560;14308;IP;A1FD33B8B4A63359F4F50FFF90295A32AC864BF8.png;5AB5628A3F0A6F06BD595395F641BAF37FD68B39.png; ;1;347;446;1;232.0.21.155;5500;0;;1;T01.00.84_E01.01.01;
353;Lifestyle i rozrywka;Adventure HD;Adventure HD;HD;496;14257;IP;B304774E123D2356DF3DECD8604E615F1F2A447C.png;697CA8C781FC56B4890408C259BDF411147B7130.png; ;1;270;369;1;232.0.20.4;5500;1;;1;T01.00.84_E01.01.01;
354;Lifestyle i rozrywka;ATM Rozrywka;ATM Rozrywka;SD;513;14261;IP;EF5DA4A5D1DD388AEC016119FD4F6240E8483721.png;72D1DCF124A65448B63782D5FB0091086D5714F3.png; ;1;273;372;1;232.0.21.146;5500;0;;1;T01.00.84_E01.01.01;
444;Nauka i Świat;National Geographic;National Geographic;SD;429;15032;IP;69D323D7D720DBD9F0AFF107A714404856CC7992.png;FAED6949D244EF2BCA1C039378A1CAE76C47F439.png; 2 ;1;110;209;1;232.0.21.28;5500;0;;1;T01.00.84_E01.01.01;
445;Nauka i Świat;TVP Historia;TVP Historia;SD;402;14134;IP;EFA039B2AEA8F16A006DEBD5D6F070504558CC30.png;C095424AA1FC90D4A3AC41473C499D8674CF69E6.png; 2 ;1;147;246;1;232.0.22.22;5500;0;;1;T01.00.84_E01.01.01;
446;Nauka i Świat;Fokus TV  HD;Fokus TV  HD;HD;291;14240;IP;2B93D63ACF22EC446E774965BF7413F7C40B5BA6.png;BF54C4A1AD99FE1F2ED481B5C361D354E038A6F6.png; ;1;530;629;1;232.0.20.86;5500;1;;1;T01.00.84_E01.01.01;
447;Nauka i Świat;Planete+ HD;Planete+ HD;HD;413;14212;IP;51ACEE73864950A7343F716498297B01CC336B45.png;5CCED6E53C0ED8DDE4DECB271AB1D3A3BC792F3C.png; ;1;358;457;1;232.0.21.42;5500;0;;1;T01.00.84_E01.01.01;
448;Nauka i Świat;Discovery Channel HD;Discovery Channel HD;HD;447;14155;IP;A711714373BBB6E0A6295F2D72E24F581E65E823.png;8861313945495322D3297ECFA4C7E769E297FFEB.png; ;1;129;228;1;232.0.21.138;5500;0;;1;T01.00.84_E01.01.01;
449;Nauka i Świat;ID HD;ID HD;HD;445;14118;IP;E2DF4E79D7574B5CF2E55C997ECE834F36EF5C6E.png;D33C38F43FE26F9D28B90B47DDFDDB5AFAE7E2DC.png; ;1;235;334;1;232.0.18.15;5500;1;;1;T01.00.84_E01.01.01;
450;Nauka i Świat;Discovery Historia;Discovery Historia;SD;448;14119;IP;A259C3E8667918B8F3A9F9764CD5823D713B57AB.png;97172C28D3226BF4538C82A0A873B59C0A8D7278.png; ;1;130;229;1;232.0.18.13;5500;1;;1;T01.00.84_E01.01.01;
451;Nauka i Świat;Discovery Life;Discovery Life;SD;90;15033;IP;01A7838F5402D52A83961BC663FADFD234806EDC.png;99E3FA37C4C8191DEF9E7C87EC15772A5218DF5E.png; ;1;123;222;1;232.0.22.32;5500;0;;1;T01.00.84_E01.01.01;
452;Nauka i Świat;Discovery Science HD;Discovery Science HD;HD;367;15037;IP;8856B6F4CBFD0438F212582D3E3F7366199DC907.png;04C3308343363CDE05FB8AD92225AFFE9480894C.png; ;1;253;352;1;232.0.21.224;5500;0;;1;T01.00.84_E01.01.01;
453;Nauka i Świat;DTX HD;DTX HD;HD;444;15036;IP;BAA81461E531FFB58EDDE5D48B089DFD868372AA.png;F1C189AAA785819B9804778D5A1F54F0B1D94BA8.png; ;1;236;335;1;232.0.18.14;5500;1;;1;T01.00.84_E01.01.01;
454;Nauka i Świat;Animal Planet HD;Animal Planet HD;HD;439;14157;IP;9FC6BC4363C3182B3B8189F7BE9FB9A60D0B9054.png;4CB16E73F5C2AB8768582024C15CF7A4DE9E0204.png; ;1;124;223;1;232.0.18.6;5500;1;;1;T01.00.84_E01.01.01;
455;Nauka i Świat;National Geographic HD;National Geographic HD;HD;427;14156;IP;D75C13C1EA0DC756C6900B5ABA328A268848CCBF.png;FAC749E1A13C3DDDA7EE6633955CBDA7FA86AFFB.png; ;1;122;221;1;232.0.21.66;5500;0;;1;T01.00.84_E01.01.01;
456;Lifestyle i rozrywka;Nat Geo Wild HD;Nat Geo Wild HD;HD;426;14169;IP;35ED421D4BF0F3FE02E1A853685785889FE9F874.png;1403B748ADB8218732DB3F712DD88BEF5DB94542.png; ;1;126;225;1;232.0.21.65;5500;0;;1;T01.00.84_E01.01.01;
457;Nauka i Świat;Nat Geo People HD;Nat Geo People HD;HD;527;14260;IP;96E5C0E35C45DAEA563BC06B61EE91D3AA2EB005.png;04179E19BE62BDBEB8A24BF731089500F32E380F.png; ;1;298;397;1;232.0.22.102;5500;0;;1;T01.00.84_E01.01.01;
458;Nauka i Świat;Polsat Doku HD;Polsat Doku HD;HD;454;14300;IP;812FA9656A052168160E986C243FE9A9F26C205B.png;C6EFC45260E799675BFAB84C9FB07186CC71E3B2.png; 14 ;1;116;215;1;232.0.21.166;5500;0;;1;T01.00.84_E01.01.01;
459;Nauka i Świat;BBC Earth HD;BBC Earth HD;HD;440;14154;IP;EF0AE2C1B39A7196A1B1B2C62099699FAC66C522.png;3169C41C51B935658DB83097BD6230F71DD14BC1.png; ;1;128;227;1;232.0.18.2;5500;1;;1;T01.00.84_E01.01.01;
460;Nauka i Świat;Polsat Viasat History HD;Polsat Viasat History HD;HD;558;14282;IP;26EAE1F61BFBE64C8ABB2FFD214B17C58A28B44E.png;608BF0289A2B6D2A65B8DE4E5CE374A419B6B3F2.png; ;1;345;444;1;232.0.21.210;5500;0;;1;T01.00.84_E01.01.01;
461;Nauka i Świat;History HD;History HD;HD;262;14196;IP;6A5882897C0807ED80A61D06158E7B02D83AE3F8.png;37E73011D575E6925646DA408C00E58142811DFE.png; ;1;46;135;1;232.0.22.117;5500;0;;1;T01.00.84_E01.01.01;
462;Nauka i Świat;H2 HD;H2 HD;HD;329;14256;IP;84C6DA24E31BE0025B4682FCE5556FD5D2638896.png;90A7E8DB5F5E397AA73D4E810165702C800607D3.png; ;1;357;456;1;232.0.22.122;5500;0;;1;T01.00.84_E01.01.01;
463;Nauka i Świat;Crime+Investigation Polsat HD;Crime+Investigation Polsat HD;SD;548;14188;IP;0FBECEB689DDCEB7CD37AF39A55946A0F72037C5.png;FFA572ED49BE71BDBFC07A689DBFFB7AD148F6D6.png; ;1;45;144;1;232.0.20.14;5500;1;;1;T01.00.84_E01.01.01;
464;Nauka i Świat;Polsat Viasat Explore HD;Polsat Viasat Explore HD;HD;557;14283;IP;F856F05CFB8CF25BB41B0FD3CA007E3ADB938D61.png;DE4B5709049754B6041D5B1B62257B706C12B8A6.png; ;1;344;443;1;232.0.21.209;5500;0;;1;T01.00.84_E01.01.01;
465;Nauka i Świat;Polsat Viasat Nature HD;Polsat Viasat Nature HD;SD;559;14284;IP;F457A09BA0807D80B5FFF935D6AE0F9BF3351E4C.png;F457A09BA0807D80B5FFF935D6AE0F9BF3351E4C.png; ;1;346;445;1;232.0.21.153;5500;0;;1;T01.00.84_E01.01.01;
467;Nauka i Świat;Travel Channel HD;Travel Channel HD;HD;529;14222;IP;66113D4A7488CC6238F9236598D891EE1F4B6B81.png;C4E7C7104CB5C86947E93F1DD839D4544FA80659.png; ;1;294;393;1;232.0.22.99;5500;0;;1;T01.00.84_E01.01.01;
468;Nauka i Świat;Russia Today Documentary;Russia Today Documentary;HD;347;14276;IP;F541FA2AFACB28A84C0B46253EFCF29BC163DDBB.png;5913BAFF6E394EF015072BB254BE82283BE0909C.png; ;1;107;206;1;232.0.22.70;5500;0;;1;T01.00.84_E01.01.01;
469;Nauka i Świat;Canal+ Discovery;Canal+ Discovery;HD;418;14254;IP;7FB08F01B2CF5D016EBC449952ECC2BE7DA0A8BE.png;209F4D71FD0BD993BB97D0F13C1A45BEF9DC2A7F.png; 13 ;1;239;338;1;232.0.21.46;5500;0;;1;T01.00.84_E01.01.01;
477;Nauka i Świat;TV Trwam;TV Trwam;SD;485;14049;IP;4CFBFED2B9DFEE86C6568FDAA4D9E73399A26EAA.png;AB1710AB357F7133FF19E325B95B013CF66D20C4.png; ;1;214;313;1;232.0.21.248;5500;0;;1;T01.00.84_E01.01.01;
555;Dzieci;TVP ABC;TVP ABC;SD;405;14242;IP;E260A300C7FAA286CF13A14B403A02E9FB3B10A0.png;EA98C4DE22BF090807C05C1846F1BB8CC51781FF.png; 2 ;1;416;515;1;232.0.22.44;5500;0;;1;T01.00.84_E01.01.01;
556;Dzieci;MiniMini+ HD;MiniMini+ HD;HD;422;14208;IP;7FD3B8ABD6172BF8F1B5C15A437D0039434A6BD8.png;D82FDAD5408B8A4E2B659A8AB356D3463535A048.png; ;1;240;339;1;232.0.21.54;5500;0;;1;T01.00.84_E01.01.01;
557;Dzieci;Disney Junior;Disney Junior;SD;356;14123;IP;D595F60C581DA4256D8DB6CB96BF9564013DA56D.png;3242A9F4B3B4B2CB352487D1B7D0AE1037203A7C.png; ;1;81;180;1;232.0.22.24;5500;0;;1;T01.00.84_E01.01.01;
558;Dzieci;Nick Jr.;Nick Jr.;SD;155;14187;IP;2C0CD0D1002F125941FE31E51F9CC4A610CE4174.png;F69F6B330CA271D8561D16E4E57935AF6414330E.png; ;1;91;190;1;232.0.22.8;5500;0;;1;T01.00.84_E01.01.01;
559;Dzieci;Baby TV;Baby TV;SD;67;14079;IP;BAD9E6670D3DA7E87B7079A9E7FC24E52356DE1A.png;206D65A32B47C0EEB3E74FD2EDFE2FA7AB711DD0.png; ;1;172;271;1;232.0.22.25;5500;0;;1;T01.00.84_E01.01.01;
560;Dzieci;CBeebies;CBeebies;SD;540;14066;IP;093FD089060329ECC63D4B7EEBBFD5ECEE630DB8.png;EDEA17CD763880DBAA23DE7AB8FE82BEBAAA94A4.png; ;1;86;185;1;232.0.22.107;5500;0;;1;T01.00.84_E01.01.01;
561;Dzieci;Boomerang HD;Boomerang HD;HD;511;14218;IP;35D88405F73AC057EB45942E452AF8DB068CC73D.png;35D88405F73AC057EB45942E452AF8DB068CC73D.png; ;1;389;488;1;232.0.22.121;5500;0;;1;T01.00.84_E01.01.01;
562;Dzieci;Duck TV;Duck TV;SD;541;14266;IP;17064B990FF6472B32BF14568EFFE773B7128D32.png;7A3D5DC2D369AC01A4C7922753797F3BD6A12000.png; ;1;302;401;1;232.0.22.72;5500;0;;1;T01.00.84_E01.01.01;
563;Inne kana\u0142y;Promo VOD 5 ;Promo VOD 5 ;HD;581;14243;IP;361C9B0093EDF4944F4A3A467BDAFC49A828AD90.png;E373D5B55116C64D4B75A3A78CD89521657635B5.png; ;1;374;473;1;232.0.7.7;5500;0;;1;T01.00.84_E01.01.01;
566;Dzieci;Nickelodeon;Nickelodeon;SD;66;14117;IP;CC497863393B0EA89EFDBB0FD109E1FE9DD0D92C.png;9BEAA36E3BBEDA00124667A5B2AE7C4C09E4DBA0.png; 2 ;1;82;181;1;232.0.22.14;5500;0;;1;T01.00.84_E01.01.01;
567;Dzieci;Disney Channel HD;Disney Channel HD;HD;357;15044;IP;9219427EC1937775F902DDEAE27B5FCD64FF58EB.png;78BF65A51C2AA2D8F20D73945A6834154F112499.png; ;1;252;351;1;232.0.21.223;5500;0;;1;T01.00.84_E01.01.01;
568;Dzieci;Disney XD;Disney XD;SD;536;15031;IP;9C1099805BF20719F20CAB874435282B62A3CF87.png;AA7D2760E1FFF7A03D646384B604CE18A0F3099A.png; ;1;135;234;1;232.0.22.4;5500;0;;1;T01.00.84_E01.01.01;
569;Dzieci;Cartoon Network HD;Cartoon Network HD;HD;507;14217;IP;9B611366B76ECE04C747235A70D759951EF58385.png;A6AA2323A36E5BCBCC5C4601D418D632B2F9504B.png; ;1;277;376;1;232.0.22.67;5500;0;;1;T01.00.84_E01.01.01;
571;Dzieci;teleTOON+ HD;teleTOON+ HD;HD;414;14209;IP;D8B9E730D8B4CE0FDDADE2B280EDD665108708E1.png;307AE42008114D00989881AAB69C7F8D3C82528E.png; ;1;359;458;1;232.0.21.37;5500;0;;1;T01.00.84_E01.01.01;
572;Dzieci;Da Vinci;Da Vinci;SD;514;14238;IP;BBD02CA142F61522077C7780DA3338F8FC874085.png;B23A298D8CA00EBA01A379F6D0D21BFE39EE729A.png; ;1;223;322;1;232.0.22.36;5500;0;;1;T01.00.84_E01.01.01;
573;Dzieci;Polsat JimJam;Polsat JimJam;SD;512;14158;IP;683B23AE19E1FD1010DADBEDDC18552CC0BF50D7.png;963B9EB198BA7004460555CD166FC240871A0B47.png; ;1;156;255;1;232.0.21.143;5500;0;;1;T01.00.84_E01.01.01;
574;Dzieci;Nicktoons HD;Nicktoons HD;HD;154;14186;IP;046E73ADA26ABEB8D99A7FA737D2B86EA96A28A5.png;CE99BD9E3ABAE0EA18CB79483CEA8686066E8881.png; ;1;92;191;1;232.0.20.10;5500;1;;1;T01.00.84_E01.01.01;
666;Muzyka;MTV Polska HD;MTV Polska HD;HD;499;15039;IP;B30D3C2CD0A71956EEE4AC3F7C0951DDBE065762.png;3425D1646D104C9C5BA5B534BCD74F67E66014DE.png; 2 ;1;281;380;1;232.0.22.65;5500;0;;1;T01.00.84_E01.01.01;
667;Muzyka;MTV Music;MTV Music;SD;114;14037;IP;3E35AF5C1169E08D348BD8088464C2DEB81A8C52.png;5A1775618007AA5FB6D1B527FD32A9F6C3573F58.png; 2 ;1;76;175;1;232.0.21.249;5500;0;;1;T01.00.84_E01.01.01;
668;Muzyka;Eska TV;Eska TV;SD;516;14121;IP;EE1ED69F8AE1A1D2BFF69E24EB90CCEE004A853E.png;340356ECAC99E59AE02DEEB84AB495C9DAEFE5DE.png; ;1;305;404;1;232.0.22.75;5500;0;;1;T01.00.84_E01.01.01;
669;Muzyka;Polo TV;Polo TV;SD;520;14181;IP;F9B55F16140BA60F92852C374B2490A645777C53.png;522F8039E672B6A6526D565FC4D66A5B07FB5100.png; ;1;512;611;1;232.0.22.98;5500;0;;1;T01.00.84_E01.01.01;
670;Muzyka;MTV Live HD;MTV Live HD;HD;112;14168;IP;A484076A044C9510045395D527E78149B146A3E8.png;643948391F0C341B635E53E371DD9E77D0C30F02.png; ;1;70;169;1;232.0.20.15;5500;1;;1;T01.00.84_E01.01.01;
671;Muzyka;MTV Dance;MTV Dance;SD;547;14274;IP;FE3E6C494E3C187A8467C134AB01760D53D91483.png;C0E2EB16295632F45956E962CEE14310DD151100.png; ;1;13;112;1;232.0.19.1;5500;1;;1;T01.00.84_E01.01.01;
672;Muzyka;MTV Rocks;MTV Rocks;SD;115;15040;IP;FD7F5579EDAB06ED95BB62543B284FA6B86B34B9.png;C24718886533CC5423BE9EAFFEC22A5F190ABDD6.png; ;1;363;462;1;232.0.22.128;5500;0;;1;T01.00.84_E01.01.01;
673;Muzyka;MTV Hits;MTV Hits;SD;370;14278;IP;80E497ADE476049ABDBC4C8C69D936BE6ED3F52E.png;055A95D25A7F613B7808450231D7EF9E5B5BE7EE.png; ;1;400;499;1;232.0.22.27;5500;0;;1;T01.00.84_E01.01.01;
674;Muzyka;VH1 European;VH1 European;SD;118;14129;IP;0E49705AF498128AEEC309B45D83707424E93DC4.png;5808D0D09501D34BDD2B18F04756F4029B28EAF9.png; ;1;157;256;1;232.0.21.251;5500;0;;1;T01.00.84_E01.01.01;
675;Muzyka;VH1 Classic;VH1 Classic;SD;348;14264;IP;F516E1F0DB55D5986785EC21F1A8DCF71E2768AE.png;8484DD519B625698A717C957A5D5797284EF07CB.png; ;1;56;155;1;232.0.21.253;5500;0;;1;T01.00.84_E01.01.01;
676;Muzyka;4FUN.TV;4FUN.TV;SD;119;14005;IP;2541DADA40A3F0256593523A206BE2F72BFD5CF7.png;2541DADA40A3F0256593523A206BE2F72BFD5CF7.png; ;1;327;426;1;232.0.22.104;5500;0;;1;T01.00.84_E01.01.01;
677;Muzyka;4FUN DANCE;4FUN DANCE;SD;175;14182;IP;D6C5147E26255E6F5F0B57A84C5AFC6D7AB46AF9.png;6F6F51B726A76AB379E3CAF12820592B4C01FEB2.png; ;1;328;427;1;232.0.22.105;5500;0;;1;T01.00.84_E01.01.01;
678;Muzyka;4FUN GOLD;4FUN GOLD;SD;117;14120;IP;065A1250D49E5253712AFC33B68E053215032321.png;0BFCC21656C0BE2157721BE31C7E9E764BB1935F.png; ;1;304;403;1;232.0.22.74;5500;0;;1;T01.00.84_E01.01.01;
679;Muzyka;Eska Rock TV;Eska Rock TV;SD;545;14291;IP;21A322E9B685F14CFDF8BF02EF27E72C8EF4E918.png;EC76D22D1DA94188C46A951E4A593E8EAD7AB7A5.png; ;1;102;201;1;232.0.22.34;5500;0;;1;T01.00.84_E01.01.01;
680;Muzyka;Kino Polska Muzyka;Kino Polska Muzyka;SD;430;14189;IP;16FA3BC9353210B955D1B7BA65107ADF40B1942F.png;26C52C039884AB3D06BA1B3BBD237E267FE41179.png; 2 ;1;114;213;1;232.0.21.25;5500;0;;1;T01.00.84_E01.01.01;
681;Muzyka;Stars.TV;Stars.TV;SD;259;14194;IP;6EA9B141098275631B3C518C36EF4B63F7E81054.png;D02E81A4ADF3B9380D3A582C05472F1612D1B7E6.png; ;1;361;460;1;232.0.22.126;5500;0;;1;T01.00.84_E01.01.01;
682;Muzyka;Power TV;Power TV;SD;481;14255;IP;B0F12276700B4A15B47DFB9E13DFCD7ED96F419A.png;201A88B4DD934ABBEB0C251914721A11E64E4B34.png; ;1;218;317;1;232.0.22.111;5500;0;;1;T01.00.84_E01.01.01;
683;Muzyka;VOX Music TV;VOX Music TV;SD;521;14239;IP;C6EB500299BD728089AD0F3310D0CDEC2C90A5F6.png;E70CA9FA73D26F1FE2EBFC8C09009910A51D007F.png; ;1;287;386;1;232.0.22.11;5500;0;;1;T01.00.84_E01.01.01;
684;Muzyka;Eska TV Extra;Eska TV Extra;SD;550;14292;IP;8EB649E0739157E0B49423266B02B7B232CE6495.png;0F76137341963B242F291C9102339C936F92F83F.png; ;1;41;140;1;232.0.22.38;5500;0;;1;T01.00.84_E01.01.01;
685;Muzyka;Polsat Music HD;Polsat Music HD;HD;519;14248;IP;526378D2AF73DE0434FACFB18C42F9FD75976B64.png;647009818E56DC8D3360EDF46C6B1EDF4328F7A8.png; ;1;309;408;1;232.0.22.69;5500;0;;1;T01.00.84_E01.01.01;
686;Muzyka;Disco Polo Music;Disco Polo Music;SD;488;14241;IP;F68BFD623F6A607B0879CBAC19CA939AD438AD22.png;346A8EDFB45AB362802981738C65941FBE80F3B1.png; ;1;217;316;1;232.0.22.110;5500;0;;1;T01.00.84_E01.01.01;
687;Muzyka;Trace Urban;Trace Urban;SD;450;14221;IP;61B0A5AD94E37E752ACB31F1DD1EB94BBB4FFF1B.png;0318967D87DC0AEBA008F2AE3E9637E73ABAD1B9.png; ;1;141;240;1;232.0.21.141;5500;0;;1;T01.00.84_E01.01.01;
688;Ogólne;Festival 4K;Festival 4K;UHD_1;408;14295;IP;7ADB21752DA8537AAE7433AF49FC4ADABD321CB6.png;DAEB3272B4701D6446070349569EFAF4AF124162.png; ;1;263;362;1;232.0.21.234;5500;0;;1;T01.00.84_E01.01.01;
690;Dla doros\u0142ych;Dorcel TV;Dorcel TV;HD;350;14269;IP;60EBA40C5C6C02952B3468259CBAEA35FC2DF3DF.png;09EA7A827DC0FAEAF54E6A6C5DAE4E43F5B9BD61.png; 6 ;1;316;415;1;232.0.22.119;5500;0;;1;T01.00.84_E01.01.01;
691;Dla doros\u0142ych;Dorcel XXX;Dorcel XXX;HD;351;14270;IP;D557C290D7D2C1F107A427D58EB121F1DE086E77.png;09DC53C3DAF4459D34AF597A4DC05B9475ABD4E3.png; 6 ;1;315;414;1;232.0.22.118;5500;0;;1;T01.00.84_E01.01.01;
692;Dla doros\u0142ych;Hustler HD;Hustler HD;HD;352;14267;IP;DAA3E7D713A14B4DB0DB50EB658E84E1840F28E4.png;0EED831D77E415F1E3564EDB76A54677D955F66D.png; 6 ;1;314;413;1;232.0.22.115;5500;0;;1;T01.00.84_E01.01.01;
693;Dla doros\u0142ych;Private;Private;SD;353;14268;IP;F1994691573782E458A39D7E961DD1DE21D1A8BB.png;4A8A506DE1512AEF479D197E1F7B9341805F9A8D.png; 6 ;1;313;412;1;232.0.22.83;5500;0;;1;T01.00.84_E01.01.01;
777;Obcoj\u0119zyczne;BBC World News;BBC World News;SD;132;14031;IP;98F990E731DCF1A0CCB2B77AADCD7F426AEE13D0.png;98F990E731DCF1A0CCB2B77AADCD7F426AEE13D0.png; ;1;9;108;1;232.0.22.80;5500;0;;1;T01.00.84_E01.01.01;
778;Obcoj\u0119zyczne;EuroNews;EuroNews;SD;532;14009;IP;3D7243F561392098017F3B18B9012394596D8DA5.png;EB79E6C9C9163017FE83FDCC79B9B48195089948.png; ;1;16;115;1;232.0.19.2;5500;1;;1;T01.00.84_E01.01.01;
779;Obcoj\u0119zyczne;CNBC Europe;CNBC Europe;SD;130;15055;IP;0D2E13796D47F492D09D0064826AA6500217431C.png;CA58307E146BE81563F204C275483490B279ABA0.png; ;1;2;101;1;232.0.22.73;5500;0;;1;T01.00.84_E01.01.01;
780;Obcoj\u0119zyczne;Bloomberg;Bloomberg;SD;133;14028;IP;23C2A8E82D884B2065871F3C7D0EEAC78F89386A.png;55AD05015EA3ABAD8167922C4D15C591867A3EE2.png; ;1;6;105;1;232.0.22.77;5500;0;;1;T01.00.84_E01.01.01;
781;Obcoj\u0119zyczne;CNN;CNN;SD;539;14223;IP;581AD86CC47D5308406EA20D8DE4E677DFDE271A.png;1D3A43FC6FE0EF1AB375C3FDFF0667CD593BB778.png; ;1;176;275;1;232.0.22.109;5500;0;;1;T01.00.84_E01.01.01;
782;Obcoj\u0119zyczne;Sky News;Sky News;SD;349;14265;IP;6E1A354CED3F56548F233A14FA331DDF80B33B79.png;12CCD7C58B8EC282856A1AE38E303C96C0F26D92.png; ;1;85;184;1;232.0.22.3;5500;0;;1;T01.00.84_E01.01.01;
783;Obcoj\u0119zyczne;Russia Today;Russia Today;HD;537;14275;IP;2D5CC21C1FC07A26EDF2E51B5B3D06D50D372295.png;EC519FA1D1D1537D2FEDEA1F6AACF0BC202CA1EE.png; ;1;77;176;1;232.0.22.101;5500;0;;1;T01.00.84_E01.01.01;
785;Obcoj\u0119zyczne;DW;DW;SD;538;14010;IP;79EEF5E7EBAD60B1A3BE37A27B341D76520711E1.png;3775080ECB38F3696F249AF854999BE05A137BF1.png; ;1;181;280;1;232.0.22.112;5500;0;;1;T01.00.84_E01.01.01;
786;Obcoj\u0119zyczne;France 24 Eng HD;France 24 Eng HD;SD;136;14038;IP;31ACFE1A1B315542308478A442353B051ED54158.png;063D5F4EE09C1CC53D281D0559038F4FCF2694EF.png; ;1;27;126;1;232.0.21.211;5500;0;;1;T01.00.84_E01.01.01;
787;Obcoj\u0119zyczne;France 24 Fra HD;France 24 Fra HD;SD;542;14106;IP;31ACFE1A1B315542308478A442353B051ED54158.png;063D5F4EE09C1CC53D281D0559038F4FCF2694EF.png; ;1;184;283;1;232.0.21.214;5500;0;;1;T01.00.84_E01.01.01;
788;Obcoj\u0119zyczne;Rossija 24;Rossija 24;SD;143;14047;IP;8E48CE97B758597F3BC87E109485D2D826716BB7.png;3D7153ED4A2BCD487DB01C26A206D5277863CBF9.png; ;1;8;107;1;232.0.22.79;5500;0;;1;T01.00.84_E01.01.01;
789;Obcoj\u0119zyczne;24 Horas;24 Horas;SD;139;14033;IP;60329C6EA852B241ADD4C5ACF96B6B9A2045B44A.png;E81BD77F3C892596852793FBAED518B90C5F731C.png; ;1;11;110;1;232.0.22.82;5500;0;;1;T01.00.84_E01.01.01;
794;Obcoj\u0119zyczne;Channel One Russia;Channel One Russia;SD;549;14034;IP;1DFADD9D150D21FC123411A8A91EDA383862BEB9.png;C2E3AD7C89CEA090B7A2091C3D0871A13FCA7D66.png; ;1;191;290;1;232.0.22.1;5500;0;;1;T01.00.84_E01.01.01;
795;Obcoj\u0119zyczne;RTR Planeta;RTR Planeta;SD;145;14040;IP;6D7571AB4E377569BA4E1E32593183C52C18845B.png;B544375C90AB34163ED20F32FAF7345124FE4BE4.png; ;1;7;106;1;232.0.22.78;5500;0;;1;T01.00.84_E01.01.01;
797;Obcoj\u0119zyczne;TV5 Monde;TV5 Monde;SD;137;14011;IP;20F1E8698C72CF7F3FE00978CD68FA490497BEFA.png;1472538FB41B5661A09BD48B3417F854CA198D08.png; ;1;35;145;1;232.0.22.106;5500;0;;1;T01.00.84_E01.01.01;
798;Obcoj\u0119zyczne;TVE International;TVE International;SD;138;14032;IP;C8B771C9C7A378502E988E82751DEC29EC9FAC5E.png;397D8865B42C650F8CAE0B121E26ACA5F8758B8F.png; ;1;10;109;1;232.0.22.81;5500;0;;1;T01.00.84_E01.01.01;
799;Obcoj\u0119zyczne;1+1 International;1+1 International;SD;306;2999;IP;019B8AEEB2A8BE424F26AE6CE1181E37FD1064CF.png;2CBF1485ECFAEE62D53B0C1EDB7A2E9A8E8F5A95.png; ;1;66;165;1;232.0.22.43;5500;0;;1;T01.00.84_E01.01.01;
800;Obcoj\u0119zyczne;Arirang;Arirang;SD;147;14039;IP;B24D1B29A906F5BE6AB4D8A4CF90BF69608BE652.png;7FB064C9DABA03CE66D0E37D9AF45883C1D30E3A.png; ;1;24;123;1;232.0.22.95;5500;1;;1;T01.00.84_E01.01.01;
801;Obcoj\u0119zyczne;NTL Radomsko;NTL Radomsko;SD;333;14262;IP;C5AB0000FCEF831181D4D711A91CDECAB887423E.png;E27C72458855E949B03CD60B5FC054B5E17E54E0.png; ;1;276;375;1;232.0.22.125;5500;0;;1;T01.00.84_E01.01.01;
802;Obcoj\u0119zyczne;Zest TV;Zest TV;SD;431;14231;IP;66BFBA11AA066FC211621CC5A33A65E1FF988F9A.png;347E2AA960B19A42ED4E6F50CD112A42F661E5BC.png; ;1;23;122;1;232.0.21.80;5500;0;;1;T01.00.84_E01.01.01;
884;Ogólne;Tele 5;Tele 5;SD;543;14003;IP;73BF5440E4B71FB0FC0D7ED004FC3946FFE0912B.png;73BF5440E4B71FB0FC0D7ED004FC3946FFE0912B.png; ;1;140;239;1;232.0.19.4;5500;1;;1;T01.00.84_E01.01.01;
885;Ogólne;P1;P1;SD;544;14008;IP;63C912D58F5EEF1058100CC9AB06BEAF9EC201CC.png;7CBE57015DE9CA75A48554AC197EA97925F3659A.png; ;1;109;208;1;232.0.19.3;5500;1;;1;T01.00.84_E01.01.01;
886;Ogólne;TVS;TVS;SD;451;14007;IP;E82515E797D80A97A6A94D7B2D97CB9ED59F7564.png;B58A80BF0E6CDAD39E1044633F5C9DDD109777C6.png; ;1;360;459;1;232.0.18.18;5500;1;;1;T01.00.84_E01.01.01;
990;Ogólne;RADIO;RADIO;SD;387;34231;IP;D7638BBCE99976CBC94C334771A561E22D889083.png;B87CEDC1ADE08C2E57C30636D7617AB73C22256F.png; ;1;1;1;2;232.0.5.1;5500;0;;1;T01.00.84_E01.01.01;
996;SERWIS INTERAKTYWNY;Pomoc interaktywna ;Pomoc interaktywna ;;;;;B87CEDC1ADE08C2E57C30636D7617AB73C22256F.png};B87CEDC1ADE08C2E57C30636D7617AB73C22256F.png;;;T01.00.84_E01.01.01;
997;SERWIS INTERAKTYWNY;Orange Ekspert ;Orange Ekspert ;;;;;B87CEDC1ADE08C2E57C30636D7617AB73C22256F.png};B87CEDC1ADE08C2E57C30636D7617AB73C22256F.png;;;T01.00.84_E01.01.01;
998;SERWIS INTERAKTYWNY;Kana\u0142 techniczny ;Kana\u0142 techniczny ;;;;;B87CEDC1ADE08C2E57C30636D7617AB73C22256F.png};B87CEDC1ADE08C2E57C30636D7617AB73C22256F.png;;;T01.00.84_E01.01.01;
999;Inne kana\u0142y;Promo TV;Promo TV;HD;555;101;IP;B87CEDC1ADE08C2E57C30636D7617AB73C22256F.png;B87CEDC1ADE08C2E57C30636D7617AB73C22256F.png; ;1;371;470;1;232.0.7.1;5500;0;;1;T01.00.84_E01.01.01;
1000;Kanal_nie_wykorzystany_w_ESP;;;;;;;;;;;T01.00.84_E01.01.01;
1001;Kanal_nie_wykorzystany_w_ESP;;;;;;;;;;;T01.00.84_E01.01.01;
1002;Kanal_nie_wykorzystany_w_ESP;;;;;;;;;;;T01.00.84_E01.01.01;
1003;Kanal_nie_wykorzystany_w_ESP;;;;;;;;;;;T01.00.84_E01.01.01;
1004;Kanal_nie_wykorzystany_w_ESP;;;;;;;;;;;T01.00.84_E01.01.01;
1005;Kanal_nie_wykorzystany_w_ESP;;;;;;;;;;;T01.00.84_E01.01.01;
1006;Kanal_nie_wykorzystany_w_ESP;;;;;;;;;;;T01.00.84_E01.01.01;
1007;Kanal_nie_wykorzystany_w_ESP;;;;;;;;;;;T01.00.84_E01.01.01;
1008;Kanal_nie_wykorzystany_w_ESP;;;;;;;;;;;T01.00.84_E01.01.01;
1009;Kanal_nie_wykorzystany_w_ESP;;;;;;;;;;;T01.00.84_E01.01.01;
1010;Kanal_nie_wykorzystany_w_ESP;;;;;;;;;;;T01.00.84_E01.01.01;
