KANAL;typ;nazwa_dluga;Nazwa_krotka;Rozdzielczosc;USI;EPG_ID;typ_kanalu;male_logo;duze_logo;Lista_praw;ON_ID;TS_ID;Frequency;Polaryzacja;Modulacja;SymbolRate;FEC;Nazwa_TSP;Service_Id;Typ_ESP;C_R;
0;MOZAIKA;;;;;;;;;;;T01.01.94_E01.02.19;
1;Ogólne;TVP 1 HD;TVP 1 HD;HD;200219;14135;DTH;709C6DFA5333FC1A19B57F98CFC15E46F2E11975.png;D2A55C05BC0F850005201C8B883BAA5E842288A2.png; 32 ;318;1300;11449;0;2;27500;3;TVP 1 HD;15037;1;1;T01.01.94_E01.02.19;
2;Ogólne;TVP 2 HD;TVP 2 HD;HD;200328;14999;DTH;C0250D1A76D7E48E8C412E63F0BBF7A6421D1C8A.png;447C2D7FFAFA2BD0577950295EDAFA236781B4B3.png; 32 ;113;7800;12265;1;2;27500;3;TVP 2 HD;3106;1;1;T01.01.94_E01.02.19;
3;Ogólne;TVN HD;TVN HD;HD;200280;14171;DTH;F24358D18BB14E369B5F9CFECBFE489C85137374.png;023EB161F13DB92A223894BAB5FBEF3B2B57377D.png; 32 ;318;1600;11508;1;2;27500;4;TVN HD;15821;1;1;T01.01.94_E01.02.19;
4;Ogólne;TVN 7 HD;TVN 7 HD;HD;200203;14177;DTH;962875CE31531AB87C8084375F24B202E07F89E4.png;5B3A18FCC33A84123034309FAF6275635C16728E.png; 32 ;318;1600;11508;1;2;27500;4;TVN 7 HD;15827;1;1;T01.01.94_E01.02.19;
5;Ogólne;Polsat HD;Polsat HD;HD;200197;14137;DTH;510EFFFF0A07DCEBB18FC270B494B55CD30FF395.png;2F5D055A7FE846BF19106FC7360AD3C04CA7971D.png; 32 ;113;13200;11158;1;2;27500;3;Polsat HD;13201;1;1;T01.01.94_E01.02.19;
6;Ogólne;TV4 HD;TV4 HD;HD;200032;14301;DTH;9507DE0C8357C89C7729655DFF7664D68EC885F3.png;481347B31C6C420CDB1581F5CA4C11861547CC2C.png; 32 ;113;13200;11158;1;2;27500;3;TV4 HD;13203;1;1;T01.01.94_E01.02.19;
7;Ogólne;TV Puls HD;TV Puls HD;HD;200258;14302;DTH;825655D97A84AA8EACA2FA27C58C3C7FD2D0FA04.png;C28BD9B7E0E8331D2A9FC02532AABDF1FEB1BB40.png; 32 ;318;11400;10796;1;2;27500;3;TV Puls HD;15718;1;1;T01.01.94_E01.02.19;
8;Ogólne;TV Puls 2;TV Puls 2;SD;200355;14199;DTH;F95339BB223B82E98255E249C8EA6F7CCD0D5863.png;B686FD8D83A86D6B0A129657D16D00A986E8ACA3.png; 32 ;318;1000;11393;1;2;27500;3;TV Puls 2;4323;1;1;T01.01.94_E01.02.19;
9;Ogólne;TTV HD;TTV HD;HD;200409;14185;DTH;A28F91938DB2E3AF587F1A334E4226107CB53EA7.png;DF74711F4D777256AF40B0C519C036587761881C.png; 33 ;318;1600;11508;1;2;27500;4;TTV HD;15831;1;1;T01.01.94_E01.02.19;
10;Ogólne;TVP Polonia;TVP Polonia;SD;200257;14015;DTH;F079546612394A3673CD824EA01EB86A347D6D6A.png;7FD5E6593D4CBC9B9C50AB08627336350DEC975F.png; ;318;13300;11179;0;1;27500;3;TVP Polonia;4907;1;1;T01.01.94_E01.02.19;
11;Ogólne;Super Polsat HD;Super Polsat HD;HD;200188;14294;DTH;8B9DFB8DBC0E0823368CAD7BB48B2BE4FFE64704.png;1D52C54D3665CD0CA5E0EFE1840BC3FBAC24FB1D.png; ;113;13200;11158;1;2;27500;3;Super Polsat HD;13211;1;1;T01.01.94_E01.02.19;
12;SERWIS INTERAKTYWNY;Oferta NC+ ;Oferta NC+ ;;;;;82BFC3873C14AF2F79ED396A486BBDA83FC7C859.png};7A8A5262469E372E8346F28A7BB35AB5F1CFF360.png;;;T01.01.94_E01.02.19;
13;Ogólne;TV6 HD;TV6 HD;HD;200189;14173;DTH;46E41314F5364716F782B7B9CC54FD6ADBED72A6.png;625F09FF62EBD0643AB3B31E322C4E86FA724991.png; ;113;13200;11158;1;2;27500;3;TV6;13204;1;1;T01.01.94_E01.02.19;
14;Ogólne;TVP HD;TVP HD;HD;200292;14167;DTH;A7C2AB45B1F8656DD5F645A8EC3E38C330A3AEC5.png;121F619B4BEAC355900C7A8045478F29AC4D32A3.png; ;318;11000;10719;1;2;27500;3;TVP HD;4408;1;1;T01.01.94_E01.02.19;
15;Ogólne;BBC First;BBC First;HD;200294;14170;DTH;5C4FDA770A2FF7D414CDAE447E2112067318D855.png;5C4FDA770A2FF7D414CDAE447E2112067318D855.png; ;318;11600;10834;1;2;27500;3;BBC HD;3590;1;1;T01.01.94_E01.02.19;
16;Premium;HBO HD;HBO HD;HD;200202;14165;DTH;9C13E0E35D30E8935C1A95848F815136FF6BFEAD.png;4872EC13057AC726D7F7BB6B4CF22C0E6C13C2BE.png; ;113;7900;12284;0;2;27500;3;HBO HD;10510;1;1;T01.01.94_E01.02.19;
17;SERWIS INTERAKTYWNY;Wideo na \u017Cyczenie ;Wideo na \u017Cyczenie ;;;;;2AFC9A63D67A89DF3ED27EFD38DE5236976E9D80.png};2AFC9A63D67A89DF3ED27EFD38DE5236976E9D80.png;;;T01.01.94_E01.02.19;
18;Filmy i seriale;Comedy Central HD;Comedy Central HD;HD;200386;14250;DTH;97EFEB806D1C11C938B52FB4ADDF9645BFDD7094.png;97EFEB806D1C11C938B52FB4ADDF9645BFDD7094.png; ;318;6500;12015;0;2;27500;3;Comedy Central HD;12;1;1;T01.01.94_E01.02.19;
19;Filmy i seriale;Paramount Channel HD;Paramount Channel HD;HD;200389;14175;DTH;247506C24AF37090382067409C97106EDC517777.png;850EB9A66B7120E2F29724860418193EA22D9E01.png; ;318;6500;12015;0;2;27500;3;Paramount Channel HD;13;1;1;T01.01.94_E01.02.19;
20;Filmy i seriale;Comedy Central Family HD;Comedy Central Family HD;HD;200275;14097;DTH;D9D1BB69082FEBA5AA1AD52741A96E4F2E92ECA9.png;D9D1BB69082FEBA5AA1AD52741A96E4F2E92ECA9.png; ;318;6500;12015;0;2;27500;3;Comedy Central Family HD;16;1;1;T01.01.94_E01.02.19;
21;Informacja;TVN24;TVN24;SD;200265;15012;DTH;7790F40ECF8861491C137178778349DB797AEAAF.png;D2349620005FA01A6462BAB683A1DB9DF45548D8.png; 33 ;318;1000;11393;1;2;27500;3;TVN 24;4314;1;1;T01.01.94_E01.02.19;
22;Informacja;TVN24 HD;TVN24 HD;SD;200330;14190;DTH;3345A276972B09FF7DEFDDB7E93E600B3D203AF5.png;86DA6EF9FFD6B1056367CFB630739812E3D3E145.png; ;318;1600;11508;1;2;27500;4;TVN24 HD;15826;1;1;T01.01.94_E01.02.19;
23;Informacja;TVN24 BiS HD;TVN24 BiS HD;HD;200459;14290;DTH;82C6AD1209CF145754DFC4FCA13C609232FB9A8D.png;82C6AD1209CF145754DFC4FCA13C609232FB9A8D.png; ;318;1000;11393;1;2;27500;3;TVN24 BiS HD;4330;1;1;T01.01.94_E01.02.19;
24;Informacja;TVP Info HD;TVP Info HD;HD;200467;14014;DTH;E92EFEB3C153D5118CA034533A1FD1D78F8DC86F.png;D78586F59AC7104EE15855ED3EB638E0589F82FB.png; ;318;11000;10719;1;2;27500;3;TVP Info HD;4409;1;1;T01.01.94_E01.02.19;
25;Ogólne;TVP 3;TVP 3;SD;200356;14215;DTH;3B1ECF18FCDD161D129488016966E62CDD4B9CAE.png;5BDB6672CAD2B1DB9A3E43E9EFFEBF2D8894D1C1.png; ;318;11000;10719;1;2;27500;3;TVP 3;4411;1;1;T01.01.94_E01.02.19;
28;Informacja;TV Republika;TV Republika;SD;200384;14249;DTH;F024A073E9CCCE5BABA9AA8F3428220792386520.png;E133918BDCE91D2174F3B4E5232E19B51377AFA0.png; ;318;11200;10758;1;2;27500;3;TV Republika;17033;1;1;T01.01.94_E01.02.19;
29;Informacja;Polsat News HD;Polsat News HD;HD;200375;14233;DTH;5DC1FE949E02F24D781773B7F0E061AB7F999E96.png;6056B3207CE0E3FE3FEFB0AB14DA875D2DFC4E5F.png; ;113;13200;11158;1;2;27500;3;Polsat News HD;13209;1;1;T01.01.94_E01.02.19;
30;Informacja;Superstacja;Superstacja;SD;200190;15049;DTH;5FF352E78FF752F085A0D98E3A14A844051F1467.png;CCB656604276F1729552FA8ED87C7ECF7980AE89.png; ;113;7400;12188;1;2;27500;3;Superstacja;7358;1;1;T01.01.94_E01.02.19;
31;Informacja;Polsat News 2;Polsat News 2;SD;200284;14004;DTH;23E0F27C73B8DEF695211975FF9742A10F6375B3.png;10849021A8E130EE1BB949836290D2A800A5C5A5.png; ;113;13200;11158;1;2;27500;3;TV Biznes;13107;1;1;T01.01.94_E01.02.19;
33;Ogólne;Nowa TV;Nowa TV;SD;200458;14287;DTH;1807C7A046C159254524101A9E536AA6531D0FE3.png;4109CF7F390E17354FE7A49531AFA0F7F9137068.png; ;318;11200;10758;1;2;27500;3;Nowa TV;17054;1;1;T01.01.94_E01.02.19;
34;Ogólne;Metro TV;Metro TV;SD;200460;14289;DTH;8C3FA501C964E91666E8D9878033318CF86F2E5F.png;7F789066A22A170B7A430019BC1CBF0CB187B289.png; ;318;11200;10758;1;2;27500;3;Metro TV;17031;1;1;T01.01.94_E01.02.19;
35;Ogólne;WP;WP;SD;200466;14288;DTH;FABD610152E04A5E082F22F4A7A22DD983133998.png;48EB3135FCEDCB1B8B79FBB907FF7354F027A389.png; ;318;11400;10796;1;2;27500;3;WP;15706;1;1;T01.01.94_E01.02.19;
36;Ogólne;Zoom TV;Zoom TV;SD;200461;14286;DTH;477AFB3805AD064EF9A24A37B386DC02947992A1.png;1D0E460501DA6CE94A45D39336292824071A9432.png; ;318;11200;10758;1;2;27500;3;Zoom TV;17041;1;1;T01.01.94_E01.02.19;
37;Ogólne;Epic Drama HD;Epic Drama HD;HD;200474;14307;DTH;3042FA42C6BD2D02C63399890F022B1CB3A2C3A8.png;3FBD825FA9213525A28490E8F27BDF3BF5684A8F.png; ;318;11200;10758;1;2;27500;3;Epic Drama HD;17040;1;1;T01.01.94_E01.02.19;
111;Sport;Eurosport 1 HD;Eurosport 1 HD;HD;200288;14162;DTH;C04D70028629B99B05AA6318FE365084611A923A.png;9D36D5DF7B11A41A06BB6DAF297D26A21744D4F0.png; ;318;12000;10911;1;2;27500;3;Eurosport 1 HD;15909;1;1;T01.01.94_E01.02.19;
112;Sport;Eurosport 2 HD;Eurosport 2 HD;HD;200291;14163;DTH;7E34E5A777CC7103DCFC2958EC55101E13AFA620.png;E26149BB785138D9E0B4DD1FA35EAD3B30B5F0DD.png; ;113;7900;12284;0;2;27500;3;Eurosport 2 HD;10508;1;1;T01.01.94_E01.02.19;
113;Sport;TVP Sport HD;TVP Sport HD;HD;200377;14108;DTH;C5D6B1AA0D7D3D5CDD65A6F3B53FCF503637D4A8.png;62B1EEE3763E9F470F07C58F89A5F771C708141C.png; ;318;11600;10834;1;2;27500;3;TVP Sport HD;3505;1;1;T01.01.94_E01.02.19;
118;Sport;nSport HD;nSport HD;HD;200221;14146;DTH;F02DC05B8472AE5C54BB245AE86982A432886D8C.png;94EE8671921565EE912C873C1756188F82E51643.png; ;318;1300;11449;0;2;27500;3;nSport HD;15033;1;1;T01.01.94_E01.02.19;
120;Sport;Eleven Sports 1 HD;Eleven Sports 1 HD;HD;200403;14271;DTH;AA7DD4259AE63FA3BA7C15343BAA703B6C6DBB58.png;2C9B6B9F858F1EDFF1EDA1F23A8BA216A0AD884B.png; ;318;1500;11488;0;2;27500;3;Eleven Sports 1 HD;5107;1;1;T01.01.94_E01.02.19;
121;Sport;Eleven Sports 2 HD;Eleven Sports 2 HD;HD;200404;14272;DTH;F6E4E5B81160F0041F0CA8C46635AD8F3E20FEBF.png;AA2CF5A164230758A89F65FB55CD7BE9E7C26696.png; ;318;1500;11488;0;2;27500;3;Eleven Sports 2 HD;5109;1;1;T01.01.94_E01.02.19;
122;Sport;Eleven Sports 3 HD;Eleven Sports 3 HD;HD;200473;14306;DTH;57A03ED08F334A67DABC049794B1E20DDCFFA248.png;2A766AB0449DE7A945A41E6AB79B5D09BBA21AFB.png; ;318;1500;11488;0;2;27500;3;Eleven Sports 3 HD;5112;25;1;T01.01.94_E01.02.19;
124;Sport;Extreme Sports;Extreme Sports;HD;200199;14224;DTH;57C1BFEE670249AFC961B0B0BE119814FCB81932.png;8EE52501AF1F35AF230E08E28B630E56B9C57828.png; ;113;7900;12284;0;2;27500;3;Extreme Sports;10506;1;1;T01.01.94_E01.02.19;
125;Sport;SportKlub HD;SportKlub HD;HD;200013;14216;DTH;F08398CF0A288A685C3D9D63D7F6D4F4C15D800E.png;9312D2B20134EDC9A5F3FF5A40BEE32434184F0E.png; ;318;11600;10834;1;2;27500;3;SportKlub HD;3503;1;1;T01.01.94_E01.02.19;
126;Sport;FightKlub HD;FightKlub HD;HD;200408;14273;DTH;12B3410AE8E28E9B58CD3A76ADCD940E7E347A61.png;07E91819F3F41DC44051BD01CFA1FC0168E950A4.png; ;318;1500;11488;0;2;27500;3;FightKlub HD;5105;1;1;T01.01.94_E01.02.19;
127;Sport;FightBox HD;FightBox HD;HD;200352;14197;DTH;BB92E4B401EF0465DF56CEC9F47DEF614E509B46.png;089217CFAE2146DCDA497B6AC1BE5FC6EE7D92E0.png; ;318;12000;10911;1;2;27500;3;FightBox HD;15908;1;1;T01.01.94_E01.02.19;
128;Sport;Motowizja HD;Motowizja HD;SD;200361;14232;DTH;345699EEF72CF1B3E182B42E4FEA5927447843E6.png;17478B8D852A2E9128D624D50036EA42F304FDBB.png; ;318;1100;11411;0;2;27500;3;Motowizja;14208;1;1;T01.01.94_E01.02.19;
130;Sport;Family Active;Family Active;SD;200395;14259;DTH;CDDFC4EA94C4B6F017A9CF1882B521FBEBF93293.png;C9CC73461D519E5120C415B2C002BC1594500BA5.png; ;318;11000;10719;1;2;27500;3;Family Active;4412;1;1;T01.01.94_E01.02.19;
133;Sport;Canal+ Sport;Canal+ Sport;HD;200341;14207;DTH;96E9D7B17DED44302392E06B55BA428D74CAC7EE.png;310E660CC85C270252BDFCE7A206867661294F4A.png; ;318;400;11278;1;2;27500;3;Canal+ Sport;13022;1;1;T01.01.94_E01.02.19;
134;Sport;Canal+ Sport 2;Canal+ Sport 2;HD;200353;14253;DTH;84A73E40632EFA006A8A16BF3760AAFA5994E3F6.png;D81EABD1C08941F60A21E0E5207E50B1AD4FB74A.png; ;318;1500;11488;0;2;27500;3;Canal+ Sport 2;5102;1;1;T01.01.94_E01.02.19;
144;Sport;Polsat Sport Premium 1;Polsat Sport Premium 1;HD;200480;14317;DTH;83160C204E7CD0668AB9FE63E7A9287B02DAA2D7.png;ABCA003067DDC50DE731F2D44027EAF94CB78F1B.png; ;318;13000;11117;1;2;27500;3;Polsat Sport Premium 1;1801;1;1;T01.01.94_E01.02.19;
145;Sport;Polsat Sport Premium 2;Polsat Sport Premium 2;HD;200481;14318;DTH;83160C204E7CD0668AB9FE63E7A9287B02DAA2D7.png;83160C204E7CD0668AB9FE63E7A9287B02DAA2D7.png; ;318;13000;11117;1;2;27500;3;Polsat Sport Premium 2;1802;1;1;T01.01.94_E01.02.19;
146;Sport;Polsat Sport Premium 3 PPV;Polsat Sport Premium 3 PPV;HD;200482;14319;DTH;73F5D151D3580D4AB39FDE222708813256DB6D84.png;73F5D151D3580D4AB39FDE222708813256DB6D84.png; ;318;13000;11117;1;2;27500;3;Polsat Sport Premium 3 PPV;1803;1;1;T01.01.94_E01.02.19;
147;Sport;Polsat Sport Premium 4 PPV;Polsat Sport Premium 4 PPV;HD;200483;14320;DTH;12876A4691F3AD00030EAD5B844FF450006BCE4D.png;12876A4691F3AD00030EAD5B844FF450006BCE4D.png; ;318;13000;11117;1;2;27500;3;Polsat Sport Premium 4 PPV;1804;1;1;T01.01.94_E01.02.19;
148;Sport;Polsat Sport Premium 5 PPV;Polsat Sport Premium 5 PPV;HD;200484;14321;DTH;FB5E85277FB60F075122A0E85347315008A2F36C.png;FB5E85277FB60F075122A0E85347315008A2F36C.png; ;318;13000;11117;1;2;27500;3;Polsat Sport Premium 5 PPV;1805;1;1;T01.01.94_E01.02.19;
149;Sport;Polsat Sport Premium 6 PPV;Polsat Sport Premium 6 PPV;HD;200485;14322;DTH;7EE5D9200C4547FFFCFCE16A92D68E9B1B193B88.png;7EE5D9200C4547FFFCFCE16A92D68E9B1B193B88.png; ;318;13000;11117;1;2;27500;3;Polsat Sport Premium 6 PPV;1806;1;1;T01.01.94_E01.02.19;
222;Filmy i seriale;TVN Fabu\u0142a HD;TVN Fabu\u0142a HD;HD;200393;14258;DTH;B691933D4D5DFF8BAE23B2C93A0CC7460D180C34.png;FD7E2E453773936EDBB396629E64722024DF182C.png; 33 ;318;1600;11508;1;2;27500;4;TVN Fabuła;15830;1;1;T01.01.94_E01.02.19;
223;Filmy i seriale;TVP Seriale;TVP Seriale;SD;200279;14130;DTH;4C13C756D928C97920B6B5EE631E979D6FD6DD76.png;9C4B1CB2EEEE94327186D97FEE65F62150A3FF33.png; 33 ;318;11400;10796;1;2;27500;3;TVP Seriale;15708;1;1;T01.01.94_E01.02.19;
224;Filmy i seriale;TVP Kultura;TVP Kultura;SD;200256;14016;DTH;3A9E15334377C836128DAA03D1506A50D5C86C26.png;7522D6576933FD68C5BFBC1771FCC319E3ADC625.png; ;318;11400;10796;1;2;27500;3;TVP Kultura;15705;1;1;T01.01.94_E01.02.19;
225;Filmy i seriale;Stopklatka TV;Stopklatka TV;SD;200371;14237;DTH;6772C69E3EC189888146D2FEBB186E7F3569D1F6.png;2CF10E7CC812B7DAE1ED781A846DF3F6A18B92DB.png; 33 ;318;11200;10758;1;2;27500;3;Stopklatka TV;17019;1;1;T01.01.94_E01.02.19;
226;Filmy i seriale;Kino Polska HD;Kino Polska HD;HD;200317;15014;DTH;019609E07C1FFEE2FA9C0ECA91430F839E2E6AE2.png;1D67778DA58AD18B50B93193306E4F27FEC1E762.png; ;318;11900;10892;0;2;27500;3;Kino Polska HD;4806;1;1;T01.01.94_E01.02.19;
228;Filmy i seriale;13 Ulica HD;13 Ulica HD;HD;200402;14281;DTH;EA7C6E0C1A5C4B1693202E8143A478DA61EA1C06.png;9A999D9349846DA3273C70954544039EF7491B37.png; ;318;12000;10911;1;2;27500;3;13 Ulica HD;15910;1;1;T01.01.94_E01.02.19;
229;Filmy i seriale;Comedy Central HD;Comedy Central HD;HD;200386;14250;DTH;97EFEB806D1C11C938B52FB4ADDF9645BFDD7094.png;97EFEB806D1C11C938B52FB4ADDF9645BFDD7094.png; ;318;6500;12015;0;2;27500;3;Comedy Central HD;12;1;1;T01.01.94_E01.02.19;
230;Filmy i seriale;Comedy Central Family HD;Comedy Central Family HD;HD;200275;14097;DTH;D9D1BB69082FEBA5AA1AD52741A96E4F2E92ECA9.png;D9D1BB69082FEBA5AA1AD52741A96E4F2E92ECA9.png; ;318;6500;12015;0;2;27500;3;Comedy Central Family HD;16;1;1;T01.01.94_E01.02.19;
231;Filmy i seriale;Ale Kino+ HD;Ale Kino+ HD;HD;200334;14200;DTH;5D0E5A7E9331749AA9E9DA21CB0114137BC438E6.png;E9DFE24762D99AF5734985F5FFA3274C5B884711.png; ;318;1100;11411;0;2;27500;3;Ale Kino+ HD;14209;1;1;T01.01.94_E01.02.19;
232;Filmy i seriale;Paramount Channel HD;Paramount Channel HD;HD;200389;14175;DTH;247506C24AF37090382067409C97106EDC517777.png;850EB9A66B7120E2F29724860418193EA22D9E01.png; ;318;6500;12015;0;2;27500;3;Paramount Channel HD;13;1;1;T01.01.94_E01.02.19;
233;Filmy i seriale;Kino TV;Kino TV;SD;200005;14132;DTH;BFE9FD914DE53008A67DD6FA9B119058A2109E7E.png;F6C8567FC80423CC7EFDECD822CA571A07DB8986.png; ;318;11400;10796;1;2;27500;3;Kino TV;15713;1;1;T01.01.94_E01.02.19;
234;Filmy i seriale;AMC HD;AMC HD;HD;200222;14164;DTH;B2CF71F44662B74B7ED3622E01D5626CBD4D9038.png;F4DA8FCA6E0C989EC81AA615442331E29F231314.png; ;318;1300;11449;0;2;27500;3;AMC HD;15031;1;1;T01.01.94_E01.02.19;
235;Filmy i seriale;TNT HD;TNT HD;HD;200251;14219;DTH;7C5407FD7C674E2E74C2A1BD72853FBD314E2E4E.png;7C5407FD7C674E2E74C2A1BD72853FBD314E2E4E.png; ;113;7900;12284;0;2;27500;3;TNT;10501;1;1;T01.01.94_E01.02.19;
236;Filmy i seriale;FOX HD;FOX HD;HD;200198;14138;DTH;B11A02C826ABB335C118A1990C4DC1003852F69F.png;6DC9C51A2010B5D5C77BE98227565B78C397E41C.png; ;113;7800;12265;1;2;27500;3;FOX HD;3111;1;1;T01.01.94_E01.02.19;
237;Filmy i seriale;FOX Comedy HD;FOX Comedy HD;HD;200289;14166;DTH;7ADC7282F4E57A862BB222EDF866CB1EE97F6B23.png;5FBB5444326807B293303A1E5AB13B92AEF3742C.png; ;113;7800;12265;1;2;27500;3;FOX Life HD;3103;1;1;T01.01.94_E01.02.19;
239;Filmy i seriale;AXN HD;AXN HD;HD;200196;14172;DTH;4D97C55C123B8672FA13DE6D15E69E6761FB38C3.png;4D97C55C123B8672FA13DE6D15E69E6761FB38C3.png; ;113;7800;12265;1;2;27500;3;AXN HD;3109;1;1;T01.01.94_E01.02.19;
240;Filmy i seriale;AXN Black;AXN Black;SD;200307;15047;DTH;7A37656698D430BFA72879BB715E214EA61DEDA1.png;61550B16DEC7C9350DB4121505AC6834C0CFBF77.png; ;113;7400;12188;1;2;27500;3;AXN Black;7303;1;1;T01.01.94_E01.02.19;
241;Filmy i seriale;AXN White;AXN White;SD;200308;15046;DTH;330384CA40AF9232D29289DD62BBC51936A2F7C1.png;8EB1EF49712F72F40EEED0EDAA06DBB53CCE32B0.png; ;113;7400;12188;1;2;27500;3;AXN Crime;7302;1;1;T01.01.94_E01.02.19;
242;Filmy i seriale;AXN Spin HD;AXN Spin HD;SD;200335;14201;DTH;554246505283CD137427F6F8EBACEE313D005F5D.png;5082F271D52BBEAFCB0347978BA9618CD005C254.png; ;318;11400;10796;1;2;27500;3;AXN Spin HD;15709;1;1;T01.01.94_E01.02.19;
243;Filmy i seriale;Polsat Film HD;Polsat Film HD;HD;200359;14230;DTH;B20F5E1C98C6FC133D37DCFF167477092AB2EAF5.png;3F51B3540D95DA222B0BF1DAEB150CC88149CFF5.png; ;113;13200;11158;1;2;27500;3;Polsat Film HD;13208;1;1;T01.01.94_E01.02.19;
244;Filmy i seriale;Romance TV HD;Romance TV HD;HD;200218;14174;DTH;F16B9711E54EA15C914A11E350282EBA008486EF.png;BC66C0682E05C97799CD734B3A077887790F3D4B.png; ;318;1300;11449;0;2;27500;3;Romance TV HD;15038;1;1;T01.01.94_E01.02.19;
245;Filmy i seriale;Sci Fi HD;Sci Fi HD;HD;200368;14096;DTH;8A21EAE70CA9D4138784DF120AE02F42A234070B.png;3018E4DE683F3659AB32E99ED950F84BE5D2F0A8.png; ;318;12000;10911;1;2;27500;3;Sci Fi Universal;15934;1;1;T01.01.94_E01.02.19;
246;Filmy i seriale;Epic Drama HD;Epic Drama HD;HD;200474;14307;DTH;3042FA42C6BD2D02C63399890F022B1CB3A2C3A8.png;3FBD825FA9213525A28490E8F27BDF3BF5684A8F.png; ;318;11200;10758;1;2;27500;3;Epic Drama HD;17040;1;1;T01.01.94_E01.02.19;
247;Filmy i seriale;CBS Europa HD;CBS Europa HD;HD;200316;14228;DTH;FA7989A248E85455076631A572C0E7C379C87F3D.png;BDFAA3986FC54270BE73B3471CC901B50E9FA13D.png; ;113;7900;12284;0;2;27500;3;CBS Europa HD;10507;1;1;T01.01.94_E01.02.19;
248;Filmy i seriale;CBS Action;CBS Action;SD;200318;14227;DTH;193E0DC8AD56211C0955755FF9264F3453CCA846.png;7157D04DC268E98856D9D9893AB681C91464EEC0.png; ;318;11200;10758;1;2;27500;3;CBS Action;17026;1;1;T01.01.94_E01.02.19;
250;Filmy i seriale;Sundance TV HD;Sundance TV HD;HD;200350;14195;DTH;BC17B316DEA865AE387A211791DFDCDA8C925C1D.png;036C796B0F541D9093D78CEB0C758A21D9D00E1D.png; ;318;12000;10911;1;2;27500;3;Sundance TV HD;15901;1;1;T01.01.94_E01.02.19;
253;Filmy i seriale;Polsat Romans;Polsat Romans;SD;200360;14229;DTH;222A9DC29D4123325598C201318B78DD37CD137B.png;F2E85416454DAABE599C3B7171E8013FECFBF540.png; ;113;7400;12188;1;2;27500;3;Polsat Romans;7301;1;1;T01.01.94_E01.02.19;
254;Filmy i seriale;Polsat 2 HD;Polsat 2 HD;HD;200034;14139;DTH;88ED9BB9747714266F3085573C59775EE79E1106.png;5D6D4C7387162A01739C43B2879F26A6FDA0E045.png; ;113;13200;11158;1;2;27500;3;Polsat 2 HD;13210;1;1;T01.01.94_E01.02.19;
266;Premium;HBO HD;HBO HD;HD;200202;14165;DTH;9C13E0E35D30E8935C1A95848F815136FF6BFEAD.png;4872EC13057AC726D7F7BB6B4CF22C0E6C13C2BE.png; 34 ;113;7900;12284;0;2;27500;3;HBO HD;10510;1;1;T01.01.94_E01.02.19;
267;Premium;HBO2 HD;HBO2 HD;HD;200215;14147;DTH;DC4F3A23FA49A8D193FD81B7735C5FB2A2313A58.png;45B56A10BDEE95FA4453DE65BAD9AAECB747F0FB.png; 34 ;318;11600;10834;1;2;27500;3;HBO2 HD;3593;1;1;T01.01.94_E01.02.19;
268;Premium;HBO3 HD;HBO3 HD;HD;200216;14148;DTH;ECA4564D8DACB920332E36FAC7B56BC79E36D587.png;450DF49CEC2923B82E7F2E546B54F13D99D257EE.png; 34 ;318;11600;10834;1;2;27500;3;HBO3 HD;3594;1;1;T01.01.94_E01.02.19;
270;Premium;Cinemax HD;Cinemax HD;HD;200208;14149;DTH;B0F06B027B7E81B455637204B55DD92D921346C9.png;B0F06B027B7E81B455637204B55DD92D921346C9.png; 35 ;318;11000;10719;1;2;27500;3;Cinemax HD;4406;1;1;T01.01.94_E01.02.19;
271;Premium;Cinemax 2 HD;Cinemax 2 HD;HD;200201;14150;DTH;B0419448189805EB3E622BAD8F5E8CE6C4D43AE8.png;B0419448189805EB3E622BAD8F5E8CE6C4D43AE8.png; 35 ;113;7800;12265;1;2;27500;3;Cinemax 2 HD;3110;1;1;T01.01.94_E01.02.19;
277;Premium;Canal+;Canal+;HD;200340;14206;DTH;C198E789590F890FA8066BCB7A126D1D1BB51C8B.png;F19594551394349F94B3C8A9B85388886921AEA5.png; 8 ;318;400;11278;1;2;27500;3;Canal+ HD;13020;1;1;T01.01.94_E01.02.19;
278;Premium;Canal+ Film;Canal+ Film;HD;200338;14204;DTH;A2832355361DA12051353335CD9022B9E73BA192.png;D55909BD1B16D332E23A55646DE51CE851FFE496.png; 9 ;318;1100;11411;0;2;27500;3;Canal+ Film;14201;1;1;T01.01.94_E01.02.19;
279;Premium;Canal+ Family;Canal+ Family;HD;200336;14202;DTH;E4CC14797E7A6B29EC390E4A42DDDD7380E7EFB7.png;C9041E1B83C0FCB21444A623AF844592B1841795.png; 11 ;318;1100;11411;0;2;27500;3;Canal+ Family;14203;1;1;T01.01.94_E01.02.19;
280;Premium;Canal+ >>1;Canal+ >>1;HD;200337;14203;DTH;D60532D1F8BBB98DFF38B6F167631998ADC3F2C2.png;4EF14911DF71801596D59A787B691740C00A3521.png; 37 ;318;1500;11488;0;2;27500;3;Canal+ &gt;&gt;1;5101;1;1;T01.01.94_E01.02.19;
281;Premium;Canal+ Seriale;Canal+ Seriale;HD;200339;14205;DTH;24C589E61D50687E8FC400064815DCCE599FFA6D.png;3FE12AD8D0ADFE177A046E933BE62DCFE4C2AC31.png; 10 ;318;1100;11411;0;2;27500;3;Canal+ Seriale;14210;1;1;T01.01.94_E01.02.19;
282;Premium;Canal+ Sport;Canal+ Sport;HD;200341;14207;DTH;96E9D7B17DED44302392E06B55BA428D74CAC7EE.png;310E660CC85C270252BDFCE7A206867661294F4A.png; 16 ;318;400;11278;1;2;27500;3;Canal+ Sport;13022;1;1;T01.01.94_E01.02.19;
283;Premium;Canal+ Sport 2;Canal+ Sport 2;HD;200353;14253;DTH;84A73E40632EFA006A8A16BF3760AAFA5994E3F6.png;D81EABD1C08941F60A21E0E5207E50B1AD4FB74A.png; 15 ;318;1500;11488;0;2;27500;3;Canal+ Sport 2;5102;1;1;T01.01.94_E01.02.19;
284;Premium;Canal+ Discovery;Canal+ Discovery;HD;200390;14254;DTH;7FB08F01B2CF5D016EBC449952ECC2BE7DA0A8BE.png;209F4D71FD0BD993BB97D0F13C1A45BEF9DC2A7F.png; 12 ;318;1300;11449;0;2;27500;3;Canal+ Discovery;15001;1;1;T01.01.94_E01.02.19;
288;Premium;FilmBox Extra HD;FilmBox Extra HD;HD;200205;14151;DTH;BD957ECE7CD1CFFB1ED54D465D37DC07F5E7151D.png;27270D88A6EE93B54BA0BED84AD14F823276EB18.png; 38 ;318;11400;10796;1;2;27500;3;FilmBox Extra HD;15720;1;1;T01.01.94_E01.02.19;
289;Premium;FilmBox Premium HD;FilmBox Premium HD;HD;200003;14152;DTH;C8512B6E45B1269BEB031ED54701EC6A9B6D719C.png;F18298091B2225383304169CA02D60A531A2F42D.png; 38 ;318;11900;10892;0;2;27500;3;FilmBox Premium HD;4805;1;1;T01.01.94_E01.02.19;
290;Premium;FilmBox Family;FilmBox Family;SD;200004;14153;DTH;39266B3A96BA0D0131E26B71F3A6A17B6761E84E.png;6D8A23F8F78F8A1E722B8AD89F0F571D07FB5974.png; 38 ;318;11400;10796;1;2;27500;3;FilmBox Family;15714;1;1;T01.01.94_E01.02.19;
291;Premium;FilmBox Action;FilmBox Action;SD;200351;14198;DTH;DA8932748050BEC2D5561CCE2BE365C4A65541B3.png;056CABD0362C299897250840ED71A7B61FAEA9C7.png; 39 ;318;11400;10796;1;2;27500;3;FilmBox Action;15717;1;1;T01.01.94_E01.02.19;
292;Premium;FightBox HD;FightBox HD;HD;200352;14197;DTH;BB92E4B401EF0465DF56CEC9F47DEF614E509B46.png;089217CFAE2146DCDA497B6AC1BE5FC6EE7D92E0.png; 39 ;318;12000;10911;1;2;27500;3;FightBox HD;15908;1;1;T01.01.94_E01.02.19;
331;Lifestyle i rozrywka;TVN Style;TVN Style;SD;200261;15016;DTH;4171E5BDE56D394C66C2B18736E0E817DD2AB57A.png;2642AC5AE47354814EE96D9BD7E488BAA5D8AE53.png; 33 ;318;1000;11393;1;2;27500;3;TVN Style;4319;1;1;T01.01.94_E01.02.19;
332;Lifestyle i rozrywka;TVN Turbo;TVN Turbo;SD;200262;15010;DTH;1A0958D4E7C72DB55A079DCC02AB63BED145C637.png;303F0CAEA2ECE31DE420F33A34304EA6394B701C.png; 33 ;318;1000;11393;1;2;27500;3;TVN Turbo;4318;1;1;T01.01.94_E01.02.19;
333;Lifestyle i rozrywka;TVN Style HD;TVN Style HD;HD;200022;14176;DTH;8031187B574F592C0DA7DCE6064EFB42F2033E03.png;C52AE8E793169A05B498DED89EDBFFC620BEA26A.png; ;318;1600;11508;1;2;27500;4;TVN Style HD;15822;1;1;T01.01.94_E01.02.19;
334;Lifestyle i rozrywka;TVN Turbo HD;TVN Turbo HD;HD;200212;14178;DTH;007FB68143158B9434C15DC0698A9D93F1C4C090.png;E0591498CAB296167B93F85A8ADECA80280D955E.png; ;318;1600;11508;1;2;27500;4;TVN Turbo HD;15824;1;1;T01.01.94_E01.02.19;
335;Lifestyle i rozrywka;HGTV HD;HGTV HD;HD;200263;15021;DTH;6C0241F3383EF411DCAA23616D5911522F6FC58D.png;074D861519D4A5271D167A75E780F27FA2C296B1.png; ;318;1000;11393;1;2;27500;3;HGTV HD;4331;1;1;T01.01.94_E01.02.19;
337;Lifestyle i rozrywka;TVP Rozrywka;TVP Rozrywka;SD;200347;14193;DTH;18386464AE423B7A3CAA5FFB07A44A8DDE64325E.png;2DE7825C10B37F7E480F3CBD4C6DF4823FB7CD7F.png; 33 ;318;11200;10758;1;2;27500;3;TVP Rozrywka;17032;1;1;T01.01.94_E01.02.19;
338;Lifestyle i rozrywka;TLC HD;TLC HD;HD;200348;14072;DTH;8C9CC299F4C644FC0F599648A545D2AA21217525.png;8C9CC299F4C644FC0F599648A545D2AA21217525.png; ;318;12000;10911;1;2;27500;3;TLC HD;15905;1;1;T01.01.94_E01.02.19;
339;Lifestyle i rozrywka;Domo+ HD;Domo+ HD;HD;200345;14210;DTH;ACF546A9AA7459514C17044E4924880E6A58F33B.png;06191ED228248AD7F1DEE627FD93CEA9FFEE9B53.png; ;318;1500;11488;0;2;27500;3;Domo+ HD;5103;1;1;T01.01.94_E01.02.19;
340;Lifestyle i rozrywka;Kuchnia+ HD;Kuchnia+ HD;HD;200346;14211;DTH;4A61986E4B94456EB9E0436F3A0A4F5D1A66CA92.png;ABD35A64F8488BEE80C4F0A57EA0A12C0A8DAF85.png; ;318;1100;11411;0;2;27500;3;Kuchnia+ HD;14207;1;1;T01.01.94_E01.02.19;
341;Lifestyle i rozrywka;Food Network HD;Food Network HD;HD;200464;14293;DTH;1B92520FA5EA9018B8FD0D5DC4569A3E65035527.png;B1B07AF06B2AA628AA4F405605C8A28837B6621A.png; ;318;1600;11508;1;2;27500;4;Food Network HD;15833;1;1;T01.01.94_E01.02.19;
342;Lifestyle i rozrywka;BBC Brit HD;BBC Brit HD;HD;200388;14252;DTH;B40AA94A63BF4F2BEDB65C7A54D7326C471EAD68.png;0FF0A5D4D224C57988934055D4BF8BFBF8DE19F6.png; ;318;8900;12475;0;2;29900;3;BBC Brit HD;2006;1;1;T01.01.94_E01.02.19;
343;Lifestyle i rozrywka;E! Polska HD;E! Polska HD;HD;200469;14235;DTH;CF6735C8B2B8F2692282D21E2D4F75FC0B923402.png;CF6735C8B2B8F2692282D21E2D4F75FC0B923402.png; ;318;12000;10911;1;2;27500;3;E! Polska HD;15902;1;1;T01.01.94_E01.02.19;
344;Lifestyle i rozrywka;CBS Reality;CBS Reality;SD;200311;14226;DTH;6D7EB90C7A14AF20A853283890D65437B6E0B7F4.png;EC8B818CFD0EFD19EA34F4489B5CB6BEC1AB3EDE.png; ;318;11400;10796;1;2;27500;3;CBS Reality;15707;1;1;T01.01.94_E01.02.19;
345;Lifestyle i rozrywka;BBC Lifestyle HD;BBC Lifestyle HD;SD;200018;14063;DTH;B9DE8B718A9A8518A136ACA314C480A3048E6943.png;1A7300B52EF36EA1AD281DCECF56067377825AF8.png; ;318;8900;12475;0;2;29900;3;BBC Lifestyle;2011;1;1;T01.01.94_E01.02.19;
346;Lifestyle i rozrywka;Lifetime HD;Lifetime HD;HD;200387;14251;DTH;3EF7F37E46A024ACA8A658C30BF5E1A957B2584F.png;3EF7F37E46A024ACA8A658C30BF5E1A957B2584F.png; ;318;12000;10911;1;2;27500;3;Lifetime HD;15911;2;1;T01.01.94_E01.02.19;
347;Lifestyle i rozrywka;Polsat Play HD;Polsat Play HD;HD;200031;14160;DTH;E12AE1694EA30FE617A3828E5F0153812C4BD4E2.png;3ED7F36BEC8DF1D461410AE3E6D4E6C604C7BB24.png; ;113;13200;11158;1;2;27500;3;Polsat Play HD;13202;1;1;T01.01.94_E01.02.19;
348;Lifestyle i rozrywka;Polsat Cafe HD;Polsat Cafe HD;HD;200030;14161;DTH;9D55644AC5CF87C58277FA072F11B4371CC96F6E.png;07167592FC980ACAEAC8FB41B2C3F08FC6AE1C2C.png; ;113;13200;11158;1;2;27500;3;Polsat Cafe HD;13206;1;1;T01.01.94_E01.02.19;
349;Lifestyle i rozrywka;Fashion TV;Fashion TV;SD;200240;14027;DTH;3EAE98F7B5645400CE5E18CFF8FEE11259F7A61C.png;7EFE93FD5790D180B4FC323C3A1084222300FA9B.png; ;64511;6900;12092;0;2;29900;3;Fashion TV;3578;1;1;T01.01.94_E01.02.19;
350;Lifestyle i rozrywka;Mango 24;Mango 24;SD;200260;14029;DTH;3BD4043BF78B07552A534E6B6025E5C6B2E4A446.png;7953BC54667DFDFA30ECAD119460CD2DA15A4F2A.png; ;318;1000;11393;1;2;27500;3;Mango 24;4316;1;1;T01.01.94_E01.02.19;
351;Lifestyle i rozrywka;To!TV;To!TV;SD;200254;14006;DTH;58A829651ABC5919FCFD869DEE3CF4EE380D8CB0.png;BE2ADDE96CEE61EE2B366DAA46C32BA15227E175.png; ;318;1000;11393;1;2;27500;3;To!TV;4328;1;1;T01.01.94_E01.02.19;
352;Lifestyle i rozrywka;TBN Polska;TBN Polska;SD;200475;14308;DTH;A1FD33B8B4A63359F4F50FFF90295A32AC864BF8.png;5AB5628A3F0A6F06BD595395F641BAF37FD68B39.png; ;1;8000;12303;1;2;27500;3;TBN Polska;807;1;1;T01.01.94_E01.02.19;
353;Lifestyle i rozrywka;Adventure HD;Adventure HD;HD;200391;14257;DTH;B304774E123D2356DF3DECD8604E615F1F2A447C.png;697CA8C781FC56B4890408C259BDF411147B7130.png; ;318;1000;11393;1;2;27500;3;Adventure HD;4329;1;1;T01.01.94_E01.02.19;
354;Lifestyle i rozrywka;ATM Rozrywka;ATM Rozrywka;SD;200397;14261;DTH;EF5DA4A5D1DD388AEC016119FD4F6240E8483721.png;72D1DCF124A65448B63782D5FB0091086D5714F3.png; ;113;7400;12188;1;2;27500;3;ATM Rozrywka;7354;1;1;T01.01.94_E01.02.19;
444;Nauka i Świat;National Geographic;National Geographic;SD;200245;15032;DTH;69D323D7D720DBD9F0AFF107A714404856CC7992.png;FAED6949D244EF2BCA1C039378A1CAE76C47F439.png; 33 ;318;11400;10796;1;2;27500;3;National Geographic;15710;1;1;T01.01.94_E01.02.19;
445;Nauka i Świat;TVP Historia;TVP Historia;SD;200293;14134;DTH;EFA039B2AEA8F16A006DEBD5D6F070504558CC30.png;C095424AA1FC90D4A3AC41473C499D8674CF69E6.png; 33 ;318;11400;10796;1;2;27500;3;TVP Historia;15719;1;1;T01.01.94_E01.02.19;
446;Nauka i Świat;Fokus TV;Fokus TV;SD;200373;14240;DTH;2B93D63ACF22EC446E774965BF7413F7C40B5BA6.png;BF54C4A1AD99FE1F2ED481B5C361D354E038A6F6.png; ;318;11200;10758;1;2;27500;3;Fokus TV;17053;1;1;T01.01.94_E01.02.19;
447;Nauka i Świat;Planete+ HD;Planete+ HD;HD;200342;14212;DTH;51ACEE73864950A7343F716498297B01CC336B45.png;5CCED6E53C0ED8DDE4DECB271AB1D3A3BC792F3C.png; ;318;1100;11411;0;2;27500;3;Planete+ HD;14206;1;1;T01.01.94_E01.02.19;
448;Nauka i Świat;Discovery Channel HD;Discovery Channel HD;HD;200220;14155;DTH;A711714373BBB6E0A6295F2D72E24F581E65E823.png;8861313945495322D3297ECFA4C7E769E297FFEB.png; ;318;1300;11449;0;2;27500;3;Discovery Channel HD;15032;1;1;T01.01.94_E01.02.19;
449;Nauka i Świat;ID HD;ID HD;HD;200248;14118;DTH;E2DF4E79D7574B5CF2E55C997ECE834F36EF5C6E.png;D33C38F43FE26F9D28B90B47DDFDDB5AFAE7E2DC.png; ;318;1300;11449;0;2;27500;3;ID HD;15003;1;1;T01.01.94_E01.02.19;
450;Nauka i Świat;Discovery Historia;Discovery Historia;SD;200297;14119;DTH;A259C3E8667918B8F3A9F9764CD5823D713B57AB.png;97172C28D3226BF4538C82A0A873B59C0A8D7278.png; ;318;11600;10834;1;2;27500;3;Discovery Historia;3506;1;1;T01.01.94_E01.02.19;
451;Nauka i Świat;Discovery Life;Discovery Life;HD;200305;15033;DTH;01A7838F5402D52A83961BC663FADFD234806EDC.png;99E3FA37C4C8191DEF9E7C87EC15772A5218DF5E.png; ;318;11400;10796;1;2;27500;3;Discovery Life HD;15702;1;1;T01.01.94_E01.02.19;
452;Nauka i Świat;Discovery Science HD;Discovery Science HD;HD;200303;15037;DTH;8856B6F4CBFD0438F212582D3E3F7366199DC907.png;04C3308343363CDE05FB8AD92225AFFE9480894C.png; ;113;7900;12284;0;2;27500;3;Discovery Science HD;10509;1;1;T01.01.94_E01.02.19;
453;Nauka i Świat;DTX HD;DTX HD;HD;200304;15036;DTH;BAA81461E531FFB58EDDE5D48B089DFD868372AA.png;F1C189AAA785819B9804778D5A1F54F0B1D94BA8.png; ;318;1300;11449;0;2;27500;3;DTX HD;15004;1;1;T01.01.94_E01.02.19;
454;Nauka i Świat;Animal Planet HD;Animal Planet HD;HD;200207;14157;DTH;9FC6BC4363C3182B3B8189F7BE9FB9A60D0B9054.png;4CB16E73F5C2AB8768582024C15CF7A4DE9E0204.png; ;318;11600;10834;1;2;27500;3;Animal Planet HD;3504;1;1;T01.01.94_E01.02.19;
455;Nauka i Świat;National Geographic HD;National Geographic HD;HD;200204;14156;DTH;D75C13C1EA0DC756C6900B5ABA328A268848CCBF.png;FAC749E1A13C3DDDA7EE6633955CBDA7FA86AFFB.png; ;318;400;11278;1;2;27500;3;National Geographic HD;13023;1;1;T01.01.94_E01.02.19;
456;Nauka i Świat;Nat Geo Wild HD;Nat Geo Wild HD;HD;200290;14169;DTH;35ED421D4BF0F3FE02E1A853685785889FE9F874.png;1403B748ADB8218732DB3F712DD88BEF5DB94542.png; ;318;11000;10719;1;2;27500;3;Nat Geo Wild HD;4407;1;1;T01.01.94_E01.02.19;
457;Nauka i Świat;Nat Geo People HD;Nat Geo People HD;HD;200396;14260;DTH;96E5C0E35C45DAEA563BC06B61EE91D3AA2EB005.png;04179E19BE62BDBEB8A24BF731089500F32E380F.png; ;113;7900;12284;0;2;27500;3;Nat Geo People HD;10503;1;1;T01.01.94_E01.02.19;
459;Nauka i Świat;BBC Earth HD;BBC Earth HD;HD;200213;14154;DTH;EF0AE2C1B39A7196A1B1B2C62099699FAC66C522.png;3169C41C51B935658DB83097BD6230F71DD14BC1.png; ;318;11600;10834;1;2;27500;3;BBC Earth HD;3592;1;1;T01.01.94_E01.02.19;
460;Nauka i Świat;Polsat Viasat History HD;Polsat Viasat History HD;HD;200411;14282;DTH;26EAE1F61BFBE64C8ABB2FFD214B17C58A28B44E.png;608BF0289A2B6D2A65B8DE4E5CE374A419B6B3F2.png; ;113;7800;12265;1;2;27500;3;Polsat Viasat History HD;3104;1;1;T01.01.94_E01.02.19;
461;Nauka i Świat;History HD;History HD;HD;200394;14196;DTH;6A5882897C0807ED80A61D06158E7B02D83AE3F8.png;37E73011D575E6925646DA408C00E58142811DFE.png; ;113;7800;12265;1;2;27500;3;History HD;3119;1;1;T01.01.94_E01.02.19;
462;Nauka i Świat;H2 HD;H2 HD;HD;200392;14256;DTH;84C6DA24E31BE0025B4682FCE5556FD5D2638896.png;90A7E8DB5F5E397AA73D4E810165702C800607D3.png; ;318;12000;10911;1;2;27500;3;H2 HD;15906;1;1;T01.01.94_E01.02.19;
463;Nauka i Świat;Crime+Investigation Polsat HD;Crime+Investigation Polsat HD;SD;200323;14188;DTH;0FBECEB689DDCEB7CD37AF39A55946A0F72037C5.png;FFA572ED49BE71BDBFC07A689DBFFB7AD148F6D6.png; ;113;7800;12265;1;2;27500;3;Crime+Investigation Polsat;3120;1;1;T01.01.94_E01.02.19;
464;Nauka i Świat;Polsat Viasat Explore HD;Polsat Viasat Explore HD;HD;200412;14283;DTH;F856F05CFB8CF25BB41B0FD3CA007E3ADB938D61.png;DE4B5709049754B6041D5B1B62257B706C12B8A6.png; ;113;7400;12188;1;2;27500;3;Polsat Viasat Explore HD;7370;1;1;T01.01.94_E01.02.19;
465;Nauka i Świat;Polsat Viasat Nature HD;Polsat Viasat Nature HD;HD;200413;14284;DTH;F457A09BA0807D80B5FFF935D6AE0F9BF3351E4C.png;F457A09BA0807D80B5FFF935D6AE0F9BF3351E4C.png; ;113;7900;12284;0;2;27500;3;Polsat Viasat Nature HD;10504;1;1;T01.01.94_E01.02.19;
466;Nauka i Świat;Arte HD;Arte HD;HD;200332;132;DTH;3C5D86A0183956227C2A8B335EB7AC99C3118199.png;883D6AE37BDA12B4FD63ACD15791785D72202951.png; ;319;15900;11681;0;2;27500;3;Arte HD;307;1;1;T01.01.94_E01.02.19;
467;Nauka i Świat;Travel Channel HD;Travel Channel HD;HD;200315;14222;DTH;66113D4A7488CC6238F9236598D891EE1F4B6B81.png;C4E7C7104CB5C86947E93F1DD839D4544FA80659.png; ;318;1600;11508;1;2;27500;4;Travel Channel HD;15832;1;1;T01.01.94_E01.02.19;
468;Nauka i Świat;Russia Today Documentary;Russia Today Documentary;HD;200415;14276;DTH;F541FA2AFACB28A84C0B46253EFCF29BC163DDBB.png;5913BAFF6E394EF015072BB254BE82283BE0909C.png; ;318;8900;12476;0;2;29900;3;Russia Today Documentary;2002;1;1;T01.01.94_E01.02.19;
469;Nauka i Świat;Canal+ Discovery;Canal+ Discovery;HD;200390;14254;DTH;7FB08F01B2CF5D016EBC449952ECC2BE7DA0A8BE.png;209F4D71FD0BD993BB97D0F13C1A45BEF9DC2A7F.png; ;318;1300;11449;0;2;27500;3;Canal+ Discovery;15001;1;1;T01.01.94_E01.02.19;
555;Dzieci;TVP ABC;TVP ABC;SD;200378;14242;DTH;E260A300C7FAA286CF13A14B403A02E9FB3B10A0.png;EA98C4DE22BF090807C05C1846F1BB8CC51781FF.png; 33 ;318;11400;10796;1;2;27500;3;TVP ABC;15711;1;1;T01.01.94_E01.02.19;
556;Dzieci;MiniMini+ HD;MiniMini+ HD;HD;200343;14208;DTH;7FD3B8ABD6172BF8F1B5C15A437D0039434A6BD8.png;D82FDAD5408B8A4E2B659A8AB356D3463535A048.png; ;318;400;11278;1;2;27500;3;MiniMini+ HD;13024;1;1;T01.01.94_E01.02.19;
557;Dzieci;Disney Junior;Disney Junior;SD;200200;14123;DTH;D595F60C581DA4256D8DB6CB96BF9564013DA56D.png;3242A9F4B3B4B2CB352487D1B7D0AE1037203A7C.png; ;113;7900;12284;0;2;27500;3;Disney Junior;10552;1;1;T01.01.94_E01.02.19;
558;Dzieci;Nick Jr.;Nick Jr.;SD;200090;14187;DTH;2C0CD0D1002F125941FE31E51F9CC4A610CE4174.png;F69F6B330CA271D8561D16E4E57935AF6414330E.png; ;318;6500;12015;0;2;27500;3;Nick Jr.;3;1;1;T01.01.94_E01.02.19;
559;Dzieci;Baby TV;Baby TV;SD;200241;14079;DTH;BAD9E6670D3DA7E87B7079A9E7FC24E52356DE1A.png;206D65A32B47C0EEB3E74FD2EDFE2FA7AB711DD0.png; ;318;12100;10930;0;2;30000;2;Baby TV;16925;1;1;T01.01.94_E01.02.19;
560;Dzieci;CBeebies;CBeebies;SD;200019;14066;DTH;093FD089060329ECC63D4B7EEBBFD5ECEE630DB8.png;EDEA17CD763880DBAA23DE7AB8FE82BEBAAA94A4.png; ;318;8900;12475;0;2;29900;3;BBC CBeebies;2009;1;1;T01.01.94_E01.02.19;
561;Dzieci;Boomerang HD;Boomerang HD;HD;200302;14218;DTH;35D88405F73AC057EB45942E452AF8DB068CC73D.png;35D88405F73AC057EB45942E452AF8DB068CC73D.png; ;318;11200;10758;1;2;27500;3;Boomerang HD;17045;1;1;T01.01.94_E01.02.19;
566;Dzieci;Nickelodeon;Nickelodeon;SD;200274;14117;DTH;CC497863393B0EA89EFDBB0FD109E1FE9DD0D92C.png;9BEAA36E3BBEDA00124667A5B2AE7C4C09E4DBA0.png; 33 ;318;6500;12015;0;2;27500;3;Nickelodeon;9;1;1;T01.01.94_E01.02.19;
567;Dzieci;Disney Channel HD;Disney Channel HD;HD;200314;15044;DTH;9219427EC1937775F902DDEAE27B5FCD64FF58EB.png;78BF65A51C2AA2D8F20D73945A6834154F112499.png; ;113;7400;12188;1;2;27500;3;Disney Channel HD;7350;1;1;T01.01.94_E01.02.19;
568;Dzieci;Disney XD;Disney XD;SD;200295;15031;DTH;9C1099805BF20719F20CAB874435282B62A3CF87.png;AA7D2760E1FFF7A03D646384B604CE18A0F3099A.png; ;113;7400;12188;1;2;27500;3;Disney XD;7349;1;1;T01.01.94_E01.02.19;
569;Dzieci;Cartoon Network HD;Cartoon Network HD;HD;200296;14217;DTH;9B611366B76ECE04C747235A70D759951EF58385.png;A6AA2323A36E5BCBCC5C4601D418D632B2F9504B.png; ;113;7900;12284;0;2;27500;3;Cartoon Network HD;10502;1;1;T01.01.94_E01.02.19;
571;Dzieci;teleTOON+ HD;teleTOON+ HD;HD;200344;14209;DTH;D8B9E730D8B4CE0FDDADE2B280EDD665108708E1.png;307AE42008114D00989881AAB69C7F8D3C82528E.png; ;318;1100;11411;0;2;27500;3;teleTOON+ HD;14205;1;1;T01.01.94_E01.02.19;
572;Dzieci;Da Vinci;Da Vinci;SD;200372;14238;DTH;BBD02CA142F61522077C7780DA3338F8FC874085.png;B23A298D8CA00EBA01A379F6D0D21BFE39EE729A.png; ;318;11200;10758;1;2;27500;3;Da Vinci Learning;17024;1;1;T01.01.94_E01.02.19;
573;Dzieci;Polsat JimJam;Polsat JimJam;SD;200191;14158;DTH;683B23AE19E1FD1010DADBEDDC18552CC0BF50D7.png;963B9EB198BA7004460555CD166FC240871A0B47.png; ;113;7400;12188;1;2;27500;3;Polsat JimJam;7351;1;1;T01.01.94_E01.02.19;
574;Dzieci;Nicktoons HD;Nicktoons HD;HD;200089;14186;DTH;046E73ADA26ABEB8D99A7FA737D2B86EA96A28A5.png;CE99BD9E3ABAE0EA18CB79483CEA8686066E8881.png; ;318;6500;12015;0;2;27500;3;Nickelodeon HD;14;1;1;T01.01.94_E01.02.19;
666;Muzyka;MTV Polska HD;MTV Polska HD;HD;200468;15039;DTH;B30D3C2CD0A71956EEE4AC3F7C0951DDBE065762.png;3425D1646D104C9C5BA5B534BCD74F67E66014DE.png; ;318;6500;12015;0;2;27500;3;MTV Polska HD;15;1;1;T01.01.94_E01.02.19;
667;Muzyka;MTV Music;MTV Music;SD;200276;14037;DTH;3E35AF5C1169E08D348BD8088464C2DEB81A8C52.png;5A1775618007AA5FB6D1B527FD32A9F6C3573F58.png; ;318;6500;12015;0;2;27500;3;MTV Music;2;1;1;T01.01.94_E01.02.19;
668;Muzyka;Eska TV;Eska TV;SD;200281;14121;DTH;EE1ED69F8AE1A1D2BFF69E24EB90CCEE004A853E.png;340356ECAC99E59AE02DEEB84AB495C9DAEFE5DE.png; ;318;11200;10758;1;2;27500;3;Eska TV;17052;1;1;T01.01.94_E01.02.19;
669;Muzyka;Polo TV;Polo TV;SD;200153;14181;DTH;F9B55F16140BA60F92852C374B2490A645777C53.png;522F8039E672B6A6526D565FC4D66A5B07FB5100.png; ;318;11200;10758;1;2;27500;3;Polo TV;17050;1;1;T01.01.94_E01.02.19;
670;Muzyka;MTV Live HD;MTV Live HD;HD;200271;14168;DTH;A484076A044C9510045395D527E78149B146A3E8.png;643948391F0C341B635E53E371DD9E77D0C30F02.png; ;318;6500;12015;0;2;27500;3;MTV Live HD;1;1;1;T01.01.94_E01.02.19;
672;Muzyka;MTV Rocks;MTV Rocks;SD;200299;15040;DTH;FD7F5579EDAB06ED95BB62543B284FA6B86B34B9.png;C24718886533CC5423BE9EAFFEC22A5F190ABDD6.png; ;113;7400;12188;1;2;27500;3;MTV Rocks;7353;1;1;T01.01.94_E01.02.19;
674;Muzyka;VH1 European;VH1 European;SD;200272;14129;DTH;0E49705AF498128AEEC309B45D83707424E93DC4.png;5808D0D09501D34BDD2B18F04756F4029B28EAF9.png; ;318;6500;12015;0;2;27500;3;VH1 European;8;1;1;T01.01.94_E01.02.19;
676;Muzyka;4FUN.TV;4FUN.TV;SD;200269;14005;DTH;2541DADA40A3F0256593523A206BE2F72BFD5CF7.png;2541DADA40A3F0256593523A206BE2F72BFD5CF7.png; ;318;11200;10758;1;2;27500;3;4FUN.TV;17037;1;1;T01.01.94_E01.02.19;
677;Muzyka;4FUN DANCE;4FUN DANCE;SD;200134;14182;DTH;D6C5147E26255E6F5F0B57A84C5AFC6D7AB46AF9.png;6F6F51B726A76AB379E3CAF12820592B4C01FEB2.png; ;318;11200;10758;1;2;27500;3;4FUN DANCE;17039;1;1;T01.01.94_E01.02.19;
678;Muzyka;4FUN GOLD;4FUN GOLD;SD;200283;14120;DTH;065A1250D49E5253712AFC33B68E053215032321.png;0BFCC21656C0BE2157721BE31C7E9E764BB1935F.png; ;318;11200;10758;1;2;27500;3;4FUN GOLD HITS;17038;1;1;T01.01.94_E01.02.19;
679;Muzyka;Eska Rock TV;Eska Rock TV;SD;200463;14291;DTH;21A322E9B685F14CFDF8BF02EF27E72C8EF4E918.png;EC76D22D1DA94188C46A951E4A593E8EAD7AB7A5.png; ;318;11400;10796;1;2;27500;3;Hip Hop TV;15715;1;1;T01.01.94_E01.02.19;
680;Muzyka;Kino Polska Muzyka;Kino Polska Muzyka;SD;200324;14189;DTH;16FA3BC9353210B955D1B7BA65107ADF40B1942F.png;26C52C039884AB3D06BA1B3BBD237E267FE41179.png; 33 ;318;11600;10834;1;2;27500;3;KP Muzyka;3502;1;1;T01.01.94_E01.02.19;
681;Muzyka;Stars.TV;Stars.TV;SD;200331;14194;DTH;6EA9B141098275631B3C518C36EF4B63F7E81054.png;D02E81A4ADF3B9380D3A582C05472F1612D1B7E6.png; ;318;11200;10758;1;2;27500;3;Stars.TV;17023;1;1;T01.01.94_E01.02.19;
682;Muzyka;Power TV;Power TV;SD;200357;14255;DTH;B0F12276700B4A15B47DFB9E13DFCD7ED96F419A.png;201A88B4DD934ABBEB0C251914721A11E64E4B34.png; ;318;1000;11393;1;2;27500;3;Power TV;4327;1;1;T01.01.94_E01.02.19;
683;Muzyka;VOX Music TV;VOX Music TV;SD;200374;14239;DTH;C6EB500299BD728089AD0F3310D0CDEC2C90A5F6.png;E70CA9FA73D26F1FE2EBFC8C09009910A51D007F.png; ;318;11400;10796;1;2;27500;3;VOX Music TV;15703;1;1;T01.01.94_E01.02.19;
684;Muzyka;Eska TV Extra;Eska TV Extra;SD;200462;14292;DTH;8EB649E0739157E0B49423266B02B7B232CE6495.png;0F76137341963B242F291C9102339C936F92F83F.png; ;318;11200;10758;1;2;27500;3;Eska TV Extra;17051;1;1;T01.01.94_E01.02.19;
685;Muzyka;Polsat Music HD;Polsat Music HD;HD;200385;14248;DTH;526378D2AF73DE0434FACFB18C42F9FD75976B64.png;647009818E56DC8D3360EDF46C6B1EDF4328F7A8.png; ;318;11200;10758;1;2;27500;3;Polsat Music HD;17043;1;1;T01.01.94_E01.02.19;
686;Muzyka;Disco Polo Music;Disco Polo Music;SD;200376;14241;DTH;F68BFD623F6A607B0879CBAC19CA939AD438AD22.png;346A8EDFB45AB362802981738C65941FBE80F3B1.png; ;113;7400;12188;1;2;27500;3;Disco Polo Music;7308;1;1;T01.01.94_E01.02.19;
687;Muzyka;Trace Urban;Trace Urban;SD;200358;14221;DTH;61B0A5AD94E37E752ACB31F1DD1EB94BBB4FFF1B.png;0318967D87DC0AEBA008F2AE3E9637E73ABAD1B9.png; ;318;11000;10719;1;2;27500;3;Trace Urban;4404;1;1;T01.01.94_E01.02.19;
777;Obcoj\u0119zyczne;BBC World News;BBC World News;SD;200233;14031;DTH;98F990E731DCF1A0CCB2B77AADCD7F426AEE13D0.png;98F990E731DCF1A0CCB2B77AADCD7F426AEE13D0.png; ;318;9400;12596;1;1;27500;3;BBC World News;8204;1;1;T01.01.94_E01.02.19;
778;Obcoj\u0119zyczne;EuroNews;EuroNews;SD;200232;14009;DTH;3D7243F561392098017F3B18B9012394596D8DA5.png;EB79E6C9C9163017FE83FDCC79B9B48195089948.png; ;318;9400;12596;1;1;27500;3;EuroNews;8211;1;1;T01.01.94_E01.02.19;
779;Obcoj\u0119zyczne;CNBC Europe;CNBC Europe;SD;200246;15055;DTH;0D2E13796D47F492D09D0064826AA6500217431C.png;CA58307E146BE81563F204C275483490B279ABA0.png; ;318;12200;10949;1;1;27500;3;CNBC Europe;7463;1;1;T01.01.94_E01.02.19;
780;Obcoj\u0119zyczne;Bloomberg;Bloomberg;SD;200041;14028;DTH;23C2A8E82D884B2065871F3C7D0EEAC78F89386A.png;55AD05015EA3ABAD8167922C4D15C591867A3EE2.png; ;318;13100;11137;0;1;27500;3;Bloomberg TV Europe;7302;1;1;T01.01.94_E01.02.19;
781;Obcoj\u0119zyczne;CNN;CNN;SD;200234;14223;DTH;581AD86CC47D5308406EA20D8DE4E677DFDE271A.png;1D3A43FC6FE0EF1AB375C3FDFF0667CD593BB778.png; ;318;9400;12596;1;1;27500;3;CNN;8209;1;1;T01.01.94_E01.02.19;
783;Obcoj\u0119zyczne;Russia Today;Russia Today;HD;200414;14275;DTH;2D5CC21C1FC07A26EDF2E51B5B3D06D50D372295.png;EC519FA1D1D1537D2FEDEA1F6AACF0BC202CA1EE.png; ;318;8900;12476;0;2;29900;3;Russia Today;2001;1;1;T01.01.94_E01.02.19;
785;Obcoj\u0119zyczne;DW;DW;SD;200228;14010;DTH;79EEF5E7EBAD60B1A3BE37A27B341D76520711E1.png;3775080ECB38F3696F249AF854999BE05A137BF1.png; ;318;12700;11054;0;1;27500;4;DW;607;1;1;T01.01.94_E01.02.19;
786;Obcoj\u0119zyczne;France 24 Eng HD;France 24 Eng HD;SD;200236;14038;DTH;31ACFE1A1B315542308478A442353B051ED54158.png;063D5F4EE09C1CC53D281D0559038F4FCF2694EF.png; ;318;15300;11565;0;2;29900;3;France 24 Eng;808;1;1;T01.01.94_E01.02.19;
787;Obcoj\u0119zyczne;France 24 Fra HD;France 24 Fra HD;SD;200237;14106;DTH;31ACFE1A1B315542308478A442353B051ED54158.png;063D5F4EE09C1CC53D281D0559038F4FCF2694EF.png; ;318;15300;11565;0;2;29900;3;France 24 Fra;807;1;1;T01.01.94_E01.02.19;
788;Obcoj\u0119zyczne;Rossija 24;Rossija 24;SD;200226;14047;DTH;8E48CE97B758597F3BC87E109485D2D826716BB7.png;3D7153ED4A2BCD487DB01C26A206D5277863CBF9.png; ;318;12600;11034;1;1;27500;3;Rossija 24;1710;1;1;T01.01.94_E01.02.19;
794;Obcoj\u0119zyczne;Channel One Russia;Channel One Russia;SD;200231;14034;DTH;1DFADD9D150D21FC123411A8A91EDA383862BEB9.png;C2E3AD7C89CEA090B7A2091C3D0871A13FCA7D66.png; ;318;9400;12596;1;1;27500;3;Channel 1 Russia;8208;1;1;T01.01.94_E01.02.19;
795;Obcoj\u0119zyczne;RTR Planeta;RTR Planeta;SD;200227;14040;DTH;6D7571AB4E377569BA4E1E32593183C52C18845B.png;B544375C90AB34163ED20F32FAF7345124FE4BE4.png; ;318;12600;11034;1;1;27500;3;RTR Planeta;1708;1;1;T01.01.94_E01.02.19;
797;Obcoj\u0119zyczne;TV5 Monde;TV5 Monde;SD;200229;14011;DTH;20F1E8698C72CF7F3FE00978CD68FA490497BEFA.png;1472538FB41B5661A09BD48B3417F854CA198D08.png; ;318;13100;11137;0;1;27500;3;TV5 Europe;7322;1;1;T01.01.94_E01.02.19;
800;Obcoj\u0119zyczne;Arirang;Arirang;SD;200223;14039;DTH;B24D1B29A906F5BE6AB4D8A4CF90BF69608BE652.png;7FB064C9DABA03CE66D0E37D9AF45883C1D30E3A.png; ;318;15600;11623;1;1;27500;3;Arirang TV;10715;1;1;T01.01.94_E01.02.19;
801;Obcoj\u0119zyczne;NTL Radomsko;NTL Radomsko;SD;200398;14262;DTH;C5AB0000FCEF831181D4D711A91CDECAB887423E.png;E27C72458855E949B03CD60B5FC054B5E17E54E0.png; ;318;1000;11393;1;2;27500;3;NTL Radomsko;4324;1;1;T01.01.94_E01.02.19;
802;Obcoj\u0119zyczne;Zest TV;Zest TV;SD;200362;14231;DTH;66BFBA11AA066FC211621CC5A33A65E1FF988F9A.png;347E2AA960B19A42ED4E6F50CD112A42F661E5BC.png; ;318;11600;10834;1;2;27500;3;Zest TV;3507;1;1;T01.01.94_E01.02.19;
803;Obcoj\u0119zyczne;UA TV;UA TV;SD;200416;220;DTH;91F6B119A2486EC2353988BE8487ADB8F06D89A1.png;8E11B0E8793C6C8A9DB8A35EA6D2EDEE5C493E70.png; ;318;12100;10930;0;2;30000;2;UA TV;16924;1;1;T01.01.94_E01.02.19;
804;Obcoj\u0119zyczne;TBN Ukraine;TBN Ukraine;SD;200099;221;DTH;91F6B119A2486EC2353988BE8487ADB8F06D89A1.png;8E11B0E8793C6C8A9DB8A35EA6D2EDEE5C493E70.png; ;318;11500;10815;0;1;27500;4;TBN Ukraine;17318;1;1;T01.01.94_E01.02.19;
805;Obcoj\u0119zyczne;KBS World HD;KBS World HD;SD;200417;242;DTH;91F6B119A2486EC2353988BE8487ADB8F06D89A1.png;8E11B0E8793C6C8A9DB8A35EA6D2EDEE5C493E70.png; ;318;15700;11642;0;2;27500;3;KBS World HD;1313;1;1;T01.01.94_E01.02.19;
806;Obcoj\u0119zyczne;Rai 1;Rai 1;SD;200363;214;DTH;91F6B119A2486EC2353988BE8487ADB8F06D89A1.png;8E11B0E8793C6C8A9DB8A35EA6D2EDEE5C493E70.png; ;318;12400;10992;1;1;27500;2;Rai 1;8511;1;1;T01.01.94_E01.02.19;
807;Obcoj\u0119zyczne;Rai 2;Rai 2;SD;200364;215;DTH;91F6B119A2486EC2353988BE8487ADB8F06D89A1.png;8E11B0E8793C6C8A9DB8A35EA6D2EDEE5C493E70.png; ;318;12400;10992;1;1;27500;2;Rai 2;8512;1;1;T01.01.94_E01.02.19;
808;Obcoj\u0119zyczne;Rai 3;Rai 3;SD;200365;216;DTH;91F6B119A2486EC2353988BE8487ADB8F06D89A1.png;8E11B0E8793C6C8A9DB8A35EA6D2EDEE5C493E70.png; ;318;12400;10992;1;1;27500;2;Rai 3;8513;1;1;T01.01.94_E01.02.19;
809;Obcoj\u0119zyczne;Rai News 24;Rai News 24;SD;200069;223;DTH;91F6B119A2486EC2353988BE8487ADB8F06D89A1.png;8E11B0E8793C6C8A9DB8A35EA6D2EDEE5C493E70.png; ;318;12400;10992;1;1;27500;2;Rai News 24;8516;1;1;T01.01.94_E01.02.19;
810;Obcoj\u0119zyczne;Rai Storia;Rai Storia;SD;200418;224;DTH;91F6B119A2486EC2353988BE8487ADB8F06D89A1.png;8E11B0E8793C6C8A9DB8A35EA6D2EDEE5C493E70.png; ;318;5400;11804;1;1;27500;3;Rai Storia;3304;1;1;T01.01.94_E01.02.19;
811;Obcoj\u0119zyczne;Rai Nettuno Sat Uno;Rai Nettuno Sat Uno;SD;200419;225;DTH;91F6B119A2486EC2353988BE8487ADB8F06D89A1.png;8E11B0E8793C6C8A9DB8A35EA6D2EDEE5C493E70.png; ;318;5400;11804;1;1;27500;3;Rai Nettuno Sat Uno;3308;1;1;T01.01.94_E01.02.19;
812;Obcoj\u0119zyczne;Rai Gulp;Rai Gulp;SD;200420;226;DTH;91F6B119A2486EC2353988BE8487ADB8F06D89A1.png;8E11B0E8793C6C8A9DB8A35EA6D2EDEE5C493E70.png; ;318;5400;11804;1;1;27500;3;Rai Gulp;3305;1;1;T01.01.94_E01.02.19;
813;Obcoj\u0119zyczne;Rai Scuola;Rai Scuola;SD;200421;227;DTH;91F6B119A2486EC2353988BE8487ADB8F06D89A1.png;8E11B0E8793C6C8A9DB8A35EA6D2EDEE5C493E70.png; ;318;5400;11804;1;1;27500;3;Rai Scuola;3307;1;1;T01.01.94_E01.02.19;
814;Obcoj\u0119zyczne;Rai Sport;Rai Sport;SD;200422;228;DTH;91F6B119A2486EC2353988BE8487ADB8F06D89A1.png;8E11B0E8793C6C8A9DB8A35EA6D2EDEE5C493E70.png; ;318;5400;11804;1;1;27500;3;Rai Sport;3303;1;1;T01.01.94_E01.02.19;
815;Obcoj\u0119zyczne;Supertennis HD;Supertennis HD;HD;200423;228;DTH;71A89838BD1D514D30EE9D04A97F4F60059A46A1.png;2321769EDE8B4F7AFD4E4F6DDAC06C9A035DC2A4.png; ;318;8900;12476;0;2;29900;3;Supertennis HD;2003;1;1;T01.01.94_E01.02.19;
816;Obcoj\u0119zyczne;Al Jazeera English  HD;Al Jazeera English  HD;HD;200424;120;DTH;2321769EDE8B4F7AFD4E4F6DDAC06C9A035DC2A4.png;2321769EDE8B4F7AFD4E4F6DDAC06C9A035DC2A4.png; ;318;13100;11137;0;1;27500;3;Al Jazeera English HD;7306;1;1;T01.01.94_E01.02.19;
817;Obcoj\u0119zyczne;Al Jazeera Documentary;Al Jazeera Documentary;SD;200148;185;DTH;91F6B119A2486EC2353988BE8487ADB8F06D89A1.png;8E11B0E8793C6C8A9DB8A35EA6D2EDEE5C493E70.png; ;318;7000;12111;1;1;27500;3;Al Jazeera Documentary;705;1;1;T01.01.94_E01.02.19;
818;Obcoj\u0119zyczne;Al Jazeera Mubasher;Al Jazeera Mubasher;SD;200149;186;DTH;91F6B119A2486EC2353988BE8487ADB8F06D89A1.png;8E11B0E8793C6C8A9DB8A35EA6D2EDEE5C493E70.png; ;318;7000;12111;1;1;27500;3;Al Jazeera Mubasher;706;1;1;T01.01.94_E01.02.19;
819;Obcoj\u0119zyczne;Radio Freccia;Radio Freccia;HD;200425;229;DTH;71A89838BD1D514D30EE9D04A97F4F60059A46A1.png;2321769EDE8B4F7AFD4E4F6DDAC06C9A035DC2A4.png; ;318;15700;11642;0;2;27500;3;Radio Freccia;1308;1;1;T01.01.94_E01.02.19;
820;Obcoj\u0119zyczne;Class TV Moda;Class TV Moda;SD;200426;230;DTH;91F6B119A2486EC2353988BE8487ADB8F06D89A1.png;8E11B0E8793C6C8A9DB8A35EA6D2EDEE5C493E70.png; ;64511;9500;12616;0;1;29900;4;Class TV Moda;11306;1;1;T01.01.94_E01.02.19;
821;Obcoj\u0119zyczne;Euronews Italian;Euronews Italian;SD;200427;231;DTH;91F6B119A2486EC2353988BE8487ADB8F06D89A1.png;8E11B0E8793C6C8A9DB8A35EA6D2EDEE5C493E70.png; ;318;8900;12476;0;2;29900;3;Euronews Italian;2017;1;1;T01.01.94_E01.02.19;
822;Obcoj\u0119zyczne;Gala TV;Gala TV;SD;200428;270;DTH;91F6B119A2486EC2353988BE8487ADB8F06D89A1.png;8E11B0E8793C6C8A9DB8A35EA6D2EDEE5C493E70.png; ;318;12700;11054;0;1;27500;4;Gala TV;8020;1;1;T01.01.94_E01.02.19;
823;Obcoj\u0119zyczne;CNL Russia;CNL Russia;SD;200075;146;DTH;91F6B119A2486EC2353988BE8487ADB8F06D89A1.png;8E11B0E8793C6C8A9DB8A35EA6D2EDEE5C493E70.png; ;318;11500;10815;0;1;27500;4;CNL Russia;17312;1;1;T01.01.94_E01.02.19;
824;Obcoj\u0119zyczne;Rudaw HD;Rudaw HD;HD;200429;233;DTH;71A89838BD1D514D30EE9D04A97F4F60059A46A1.png;2321769EDE8B4F7AFD4E4F6DDAC06C9A035DC2A4.png; ;318;900;11373;0;2;27500;3;Rudaw HD;506;1;1;T01.01.94_E01.02.19;
825;Obcoj\u0119zyczne;Music Box Russia;Music Box Russia;SD;200430;234;DTH;91F6B119A2486EC2353988BE8487ADB8F06D89A1.png;8E11B0E8793C6C8A9DB8A35EA6D2EDEE5C493E70.png; ;318;11500;10815;0;1;27500;4;Music Box Russia;17316;1;1;T01.01.94_E01.02.19;
826;Obcoj\u0119zyczne;TBN Russia;TBN Russia;SD;200081;145;DTH;91F6B119A2486EC2353988BE8487ADB8F06D89A1.png;8E11B0E8793C6C8A9DB8A35EA6D2EDEE5C493E70.png; ;318;11500;10815;0;1;27500;4;TBN Russia;17317;1;1;T01.01.94_E01.02.19;
827;Obcoj\u0119zyczne;STS International;STS International;SD;200431;235;DTH;91F6B119A2486EC2353988BE8487ADB8F06D89A1.png;8E11B0E8793C6C8A9DB8A35EA6D2EDEE5C493E70.png; ;318;12600;11034;1;1;27500;3;STS International;1707;1;1;T01.01.94_E01.02.19;
828;Obcoj\u0119zyczne;RTL 102.5 HD;RTL 102.5 HD;HD;200432;268;DTH;2321769EDE8B4F7AFD4E4F6DDAC06C9A035DC2A4.png;2321769EDE8B4F7AFD4E4F6DDAC06C9A035DC2A4.png; ;318;15700;11642;0;2;27500;3;RTL 102.5;1307;1;1;T01.01.94_E01.02.19;
829;Obcoj\u0119zyczne;BestMarket TV;BestMarket TV;SD;200433;285;DTH;91F6B119A2486EC2353988BE8487ADB8F06D89A1.png;8E11B0E8793C6C8A9DB8A35EA6D2EDEE5C493E70.png; ;318;12600;11034;1;1;27500;3;BestMarket TV;1709;1;1;T01.01.94_E01.02.19;
830;Obcoj\u0119zyczne;TV 8 Russia;TV 8 Russia;SD;200434;237;DTH;91F6B119A2486EC2353988BE8487ADB8F06D89A1.png;8E11B0E8793C6C8A9DB8A35EA6D2EDEE5C493E70.png; ;318;12600;11034;1;1;27500;3;TV 8 Russia;1718;1;1;T01.01.94_E01.02.19;
831;Obcoj\u0119zyczne;Soyuz TV;Soyuz TV;SD;200435;238;DTH;91F6B119A2486EC2353988BE8487ADB8F06D89A1.png;8E11B0E8793C6C8A9DB8A35EA6D2EDEE5C493E70.png; ;318;15600;11623;1;1;27500;3;Soyuz TV;10723;1;1;T01.01.94_E01.02.19;
832;Obcoj\u0119zyczne;Belarus 24;Belarus 24;SD;200436;239;DTH;91F6B119A2486EC2353988BE8487ADB8F06D89A1.png;8E11B0E8793C6C8A9DB8A35EA6D2EDEE5C493E70.png; ;318;15300;11565;0;2;29900;3;Belarus 24;800;1;1;T01.01.94_E01.02.19;
833;Obcoj\u0119zyczne;CGTN;CGTN;SD;200437;240;DTH;91F6B119A2486EC2353988BE8487ADB8F06D89A1.png;8E11B0E8793C6C8A9DB8A35EA6D2EDEE5C493E70.png; ;318;12600;11034;1;1;27500;3;CGTN;1706;1;1;T01.01.94_E01.02.19;
834;Obcoj\u0119zyczne;CCTV 4;CCTV 4;SD;200438;241;DTH;91F6B119A2486EC2353988BE8487ADB8F06D89A1.png;8E11B0E8793C6C8A9DB8A35EA6D2EDEE5C493E70.png; ;113;7200;12149;1;1;27500;4;CCTV 4;7224;1;1;T01.01.94_E01.02.19;
835;Obcoj\u0119zyczne;Hispan TV HD;Hispan TV HD;HD;200456;138;DTH;71A89838BD1D514D30EE9D04A97F4F60059A46A1.png;2321769EDE8B4F7AFD4E4F6DDAC06C9A035DC2A4.png; ;318;8700;12437;0;1;29900;3;Hispan TV HD;7932;1;1;T01.01.94_E01.02.19;
836;Obcoj\u0119zyczne;EWTN Europe;EWTN Europe;SD;200439;128;DTH;91F6B119A2486EC2353988BE8487ADB8F06D89A1.png;8E11B0E8793C6C8A9DB8A35EA6D2EDEE5C493E70.png; ;318;12200;10949;1;1;27500;3;EWTN Europe;7462;1;1;T01.01.94_E01.02.19;
837;Obcoj\u0119zyczne;TV Art Live;TV Art Live;SD;200440;254;DTH;91F6B119A2486EC2353988BE8487ADB8F06D89A1.png;8E11B0E8793C6C8A9DB8A35EA6D2EDEE5C493E70.png; ;318;11700;10853;0;2;29900;2;TV Art Live;12223;1;1;T01.01.94_E01.02.19;
838;Obcoj\u0119zyczne;Shanson;Shanson;SD;200052;143;DTH;91F6B119A2486EC2353988BE8487ADB8F06D89A1.png;8E11B0E8793C6C8A9DB8A35EA6D2EDEE5C493E70.png; ;318;12600;11034;1;1;27500;3;Shanson;1704;1;1;T01.01.94_E01.02.19;
839;Obcoj\u0119zyczne;Fishing TV;Fishing TV;SD;200441;279;DTH;91F6B119A2486EC2353988BE8487ADB8F06D89A1.png;8E11B0E8793C6C8A9DB8A35EA6D2EDEE5C493E70.png; ;64511;7700;12245;0;1;29900;4;Fishing TV;4067;1;1;T01.01.94_E01.02.19;
840;Obcoj\u0119zyczne;TgCom24;TgCom24;SD;200071;150;DTH;91F6B119A2486EC2353988BE8487ADB8F06D89A1.png;8E11B0E8793C6C8A9DB8A35EA6D2EDEE5C493E70.png; ;272;6000;11919;1;1;27500;2;TgCom24;8;1;1;T01.01.94_E01.02.19;
841;Obcoj\u0119zyczne;Camera dei Deputati;Camera dei Deputati;SD;200186;151;DTH;91F6B119A2486EC2353988BE8487ADB8F06D89A1.png;8E11B0E8793C6C8A9DB8A35EA6D2EDEE5C493E70.png; ;318;5400;11804;1;1;27500;3;Camera dei Deputati;3302;1;1;T01.01.94_E01.02.19;
842;Obcoj\u0119zyczne;Armenia TV;Armenia TV;SD;200465;280;DTH;91F6B119A2486EC2353988BE8487ADB8F06D89A1.png;8E11B0E8793C6C8A9DB8A35EA6D2EDEE5C493E70.png; ;318;700;11334;0;1;27500;3;Armenia TV;6;1;1;T01.01.94_E01.02.19;
843;Obcoj\u0119zyczne;Medi 1 TV;Medi 1 TV;SD;200114;154;DTH;91F6B119A2486EC2353988BE8487ADB8F06D89A1.png;8E11B0E8793C6C8A9DB8A35EA6D2EDEE5C493E70.png; ;176;11800;10873;1;2;27500;3;Medi 1 Sat;8;1;1;T01.01.94_E01.02.19;
844;Obcoj\u0119zyczne;Lazio Channel;Lazio Channel;SD;200091;248;DTH;91F6B119A2486EC2353988BE8487ADB8F06D89A1.png;8E11B0E8793C6C8A9DB8A35EA6D2EDEE5C493E70.png; ;318;11700;10853;0;2;29900;2;Lazio Channel;12206;1;1;T01.01.94_E01.02.19;
845;Obcoj\u0119zyczne;RTP International;RTP International;SD;200443;282;DTH;91F6B119A2486EC2353988BE8487ADB8F06D89A1.png;8E11B0E8793C6C8A9DB8A35EA6D2EDEE5C493E70.png; ;318;700;11334;0;1;27500;3;RTP International;10;1;1;T01.01.94_E01.02.19;
846;Obcoj\u0119zyczne;Hillsong;Hillsong;SD;200444;260;DTH;91F6B119A2486EC2353988BE8487ADB8F06D89A1.png;8E11B0E8793C6C8A9DB8A35EA6D2EDEE5C493E70.png; ;1;8000;12303;1;2;27500;3;Hillsong;804;1;1;T01.01.94_E01.02.19;
847;Obcoj\u0119zyczne;Kanali Voulis;Kanali Voulis;SD;200445;255;DTH;91F6B119A2486EC2353988BE8487ADB8F06D89A1.png;8E11B0E8793C6C8A9DB8A35EA6D2EDEE5C493E70.png; ;318;7300;12169;0;2;27500;3;Kanali Voulis;384;1;1;T01.01.94_E01.02.19;
848;Obcoj\u0119zyczne;Iraqia News;Iraqia News;SD;200446;266;DTH;91F6B119A2486EC2353988BE8487ADB8F06D89A1.png;8E11B0E8793C6C8A9DB8A35EA6D2EDEE5C493E70.png; ;702;9700;12654;0;1;27500;3;Iraqia News;9;1;1;T01.01.94_E01.02.19;
849;Obcoj\u0119zyczne;Telesur;Telesur;SD;200007;166;DTH;91F6B119A2486EC2353988BE8487ADB8F06D89A1.png;8E11B0E8793C6C8A9DB8A35EA6D2EDEE5C493E70.png; ;318;7000;12111;1;1;27500;3;Telesur;783;1;1;T01.01.94_E01.02.19;
850;Obcoj\u0119zyczne;Dubai Sports 1 HD;Dubai Sports 1 HD;HD;200163;167;DTH;91F6B119A2486EC2353988BE8487ADB8F06D89A1.png;8E11B0E8793C6C8A9DB8A35EA6D2EDEE5C493E70.png; ;318;8500;12399;0;2;29700;2;Dubai Sports 1 HD;906;1;1;T01.01.94_E01.02.19;
851;Obcoj\u0119zyczne;Al Hiwar TV;Al Hiwar TV;SD;200009;217;DTH;91F6B119A2486EC2353988BE8487ADB8F06D89A1.png;8E11B0E8793C6C8A9DB8A35EA6D2EDEE5C493E70.png; ;318;12200;10949;1;1;27500;3;Al Hiwar TV;7456;1;1;T01.01.94_E01.02.19;
852;Obcoj\u0119zyczne;TV Coran;TV Coran;SD;200046;170;DTH;91F6B119A2486EC2353988BE8487ADB8F06D89A1.png;8E11B0E8793C6C8A9DB8A35EA6D2EDEE5C493E70.png; ;318;12600;11034;1;1;27500;3;TV Coran;1701;1;1;T01.01.94_E01.02.19;
853;Obcoj\u0119zyczne;TV Tamazight;TV Tamazight;SD;200047;171;DTH;91F6B119A2486EC2353988BE8487ADB8F06D89A1.png;8E11B0E8793C6C8A9DB8A35EA6D2EDEE5C493E70.png; ;318;12600;11034;1;1;27500;3;TV Tamazight;1702;1;1;T01.01.94_E01.02.19;
854;Obcoj\u0119zyczne;BBC Arabic;BBC Arabic;SD;200044;164;DTH;91F6B119A2486EC2353988BE8487ADB8F06D89A1.png;8E11B0E8793C6C8A9DB8A35EA6D2EDEE5C493E70.png; ;318;9400;12596;1;1;27500;3;BBC Arabic;8203;1;1;T01.01.94_E01.02.19;
855;Obcoj\u0119zyczne;2M Monde;2M Monde;SD;200048;172;DTH;91F6B119A2486EC2353988BE8487ADB8F06D89A1.png;8E11B0E8793C6C8A9DB8A35EA6D2EDEE5C493E70.png; ;318;12600;11034;1;1;27500;3;2M Monde;1705;1;1;T01.01.94_E01.02.19;
856;Obcoj\u0119zyczne;TRT World HD;TRT World HD;HD;200050;173;DTH;91F6B119A2486EC2353988BE8487ADB8F06D89A1.png;8E11B0E8793C6C8A9DB8A35EA6D2EDEE5C493E70.png; ;318;15300;11565;0;2;29900;3;TRT World HD;803;1;1;T01.01.94_E01.02.19;
857;Obcoj\u0119zyczne;Smile Of A Child;Smile Of A Child;SD;200080;126;DTH;91F6B119A2486EC2353988BE8487ADB8F06D89A1.png;8E11B0E8793C6C8A9DB8A35EA6D2EDEE5C493E70.png; ;1;8000;12303;1;2;27500;3;Smile Of A Child;805;1;1;T01.01.94_E01.02.19;
858;Obcoj\u0119zyczne;Coptic TV;Coptic TV;SD;200102;174;DTH;91F6B119A2486EC2353988BE8487ADB8F06D89A1.png;8E11B0E8793C6C8A9DB8A35EA6D2EDEE5C493E70.png; ;318;13300;11179;0;1;27500;3;Coptic TV;4923;1;1;T01.01.94_E01.02.19;
859;Obcoj\u0119zyczne;Thai TV Global Network;Thai TV Global Network;SD;200447;244;DTH;91F6B119A2486EC2353988BE8487ADB8F06D89A1.png;8E11B0E8793C6C8A9DB8A35EA6D2EDEE5C493E70.png; ;318;11500;10815;0;1;27500;4;Thai TV Global Network;17320;1;1;T01.01.94_E01.02.19;
860;Obcoj\u0119zyczne;Sama Dubai;Sama Dubai;SD;200165;178;DTH;91F6B119A2486EC2353988BE8487ADB8F06D89A1.png;8E11B0E8793C6C8A9DB8A35EA6D2EDEE5C493E70.png; ;318;8500;12399;0;2;29700;2;Sama Dubai;903;1;1;T01.01.94_E01.02.19;
861;Obcoj\u0119zyczne;Al Sharqiya HD;Al Sharqiya HD;SD;200166;179;DTH;91F6B119A2486EC2353988BE8487ADB8F06D89A1.png;8E11B0E8793C6C8A9DB8A35EA6D2EDEE5C493E70.png; ;318;5100;11747;0;2;27500;3;Al Sharqiya HD;9510;1;1;T01.01.94_E01.02.19;
862;Obcoj\u0119zyczne;Al Arabiya;Al Arabiya;SD;200167;180;DTH;91F6B119A2486EC2353988BE8487ADB8F06D89A1.png;8E11B0E8793C6C8A9DB8A35EA6D2EDEE5C493E70.png; ;318;5100;11747;0;2;27500;3;Al Arabiya;9513;1;1;T01.01.94_E01.02.19;
863;Obcoj\u0119zyczne;CNC World;CNC World;HD;200449;254;DTH;71A89838BD1D514D30EE9D04A97F4F60059A46A1.png;2321769EDE8B4F7AFD4E4F6DDAC06C9A035DC2A4.png; ;113;7200;12149;1;1;27500;4;CNC World;7257;1;1;T01.01.94_E01.02.19;
864;Obcoj\u0119zyczne;Turk Hristiyan TV;Turk Hristiyan TV;SD;200448;251;DTH;91F6B119A2486EC2353988BE8487ADB8F06D89A1.png;8E11B0E8793C6C8A9DB8A35EA6D2EDEE5C493E70.png; ;1;8000;12303;1;2;27500;3;Turk Hristiyan TV;810;1;1;T01.01.94_E01.02.19;
865;Obcoj\u0119zyczne;MTA International;MTA International;SD;200124;184;DTH;91F6B119A2486EC2353988BE8487ADB8F06D89A1.png;8E11B0E8793C6C8A9DB8A35EA6D2EDEE5C493E70.png; ;318;13400;11200;1;1;27500;4;MTA International;4706;1;1;T01.01.94_E01.02.19;
866;Obcoj\u0119zyczne;Al Naba TV;Al Naba TV;SD;200157;189;DTH;91F6B119A2486EC2353988BE8487ADB8F06D89A1.png;8E11B0E8793C6C8A9DB8A35EA6D2EDEE5C493E70.png; ;318;8400;12380;1;1;27500;3;Al Naba TV;3011;1;1;T01.01.94_E01.02.19;
867;Obcoj\u0119zyczne;Abu Dhabi TV HD;Abu Dhabi TV HD;SD;200158;190;DTH;91F6B119A2486EC2353988BE8487ADB8F06D89A1.png;8E11B0E8793C6C8A9DB8A35EA6D2EDEE5C493E70.png; ;318;5100;11747;0;2;27500;3;Abu Dhabi TV HD;9511;1;1;T01.01.94_E01.02.19;
868;Obcoj\u0119zyczne;Iqraa TV;Iqraa TV;SD;200160;192;DTH;91F6B119A2486EC2353988BE8487ADB8F06D89A1.png;8E11B0E8793C6C8A9DB8A35EA6D2EDEE5C493E70.png; ;702;9700;12654;0;1;27500;3;Iqraa TV;5;1;1;T01.01.94_E01.02.19;
869;Obcoj\u0119zyczne;Mohabat TV;Mohabat TV;SD;200129;193;DTH;91F6B119A2486EC2353988BE8487ADB8F06D89A1.png;8E11B0E8793C6C8A9DB8A35EA6D2EDEE5C493E70.png; ;318;13400;11200;1;1;27500;4;Mohabat TV;4703;1;1;T01.01.94_E01.02.19;
870;Obcoj\u0119zyczne;NHK World;NHK World;SD;200451;245;DTH;91F6B119A2486EC2353988BE8487ADB8F06D89A1.png;8E11B0E8793C6C8A9DB8A35EA6D2EDEE5C493E70.png; ;318;13100;11137;0;1;27500;3;NHK World;7327;1;1;T01.01.94_E01.02.19;
871;Obcoj\u0119zyczne;Qatar TV;Qatar TV;SD;200175;194;DTH;91F6B119A2486EC2353988BE8487ADB8F06D89A1.png;8E11B0E8793C6C8A9DB8A35EA6D2EDEE5C493E70.png; ;702;9700;12654;0;1;27500;3;Qatar TV;2;1;1;T01.01.94_E01.02.19;
872;Obcoj\u0119zyczne;Saudi Channel 1;Saudi Channel 1;SD;200176;195;DTH;91F6B119A2486EC2353988BE8487ADB8F06D89A1.png;8E11B0E8793C6C8A9DB8A35EA6D2EDEE5C493E70.png; ;702;9700;12654;0;1;27500;3;Saudi Channel 1;3;1;1;T01.01.94_E01.02.19;
873;Obcoj\u0119zyczne;Disco Channel;Disco Channel;SD;200177;196;DTH;91F6B119A2486EC2353988BE8487ADB8F06D89A1.png;8E11B0E8793C6C8A9DB8A35EA6D2EDEE5C493E70.png; ;64511;6900;12092;0;2;29900;3;Disco Channel;3530;1;1;T01.01.94_E01.02.19;
874;Obcoj\u0119zyczne;Sudan TV;Sudan TV;SD;200179;197;DTH;91F6B119A2486EC2353988BE8487ADB8F06D89A1.png;8E11B0E8793C6C8A9DB8A35EA6D2EDEE5C493E70.png; ;702;9700;12654;0;1;27500;3;Sudan TV;6;1;1;T01.01.94_E01.02.19;
875;Obcoj\u0119zyczne;Oman TV;Oman TV;SD;200180;198;DTH;91F6B119A2486EC2353988BE8487ADB8F06D89A1.png;8E11B0E8793C6C8A9DB8A35EA6D2EDEE5C493E70.png; ;702;9700;12654;0;1;27500;3;Oman TV;7;1;1;T01.01.94_E01.02.19;
876;Obcoj\u0119zyczne;Al Masriyah;Al Masriyah;SD;200181;199;DTH;91F6B119A2486EC2353988BE8487ADB8F06D89A1.png;8E11B0E8793C6C8A9DB8A35EA6D2EDEE5C493E70.png; ;702;9700;12654;0;1;27500;3;Al Masriyah;8;1;1;T01.01.94_E01.02.19;
877;Obcoj\u0119zyczne;Al Karma;Al Karma;SD;200182;200;DTH;91F6B119A2486EC2353988BE8487ADB8F06D89A1.png;8E11B0E8793C6C8A9DB8A35EA6D2EDEE5C493E70.png; ;318;13300;11179;0;1;27500;3;Al Karma;4904;1;1;T01.01.94_E01.02.19;
878;Obcoj\u0119zyczne;ETV;ETV;SD;200453;248;DTH;91F6B119A2486EC2353988BE8487ADB8F06D89A1.png;8E11B0E8793C6C8A9DB8A35EA6D2EDEE5C493E70.png; ;318;13400;11200;1;1;27500;4;ETV;4714;1;1;T01.01.94_E01.02.19;
879;Obcoj\u0119zyczne;ERT World;ERT World;SD;200454;252;DTH;91F6B119A2486EC2353988BE8487ADB8F06D89A1.png;8E11B0E8793C6C8A9DB8A35EA6D2EDEE5C493E70.png; ;318;15600;11623;1;1;27500;3;ERT World;10726;1;1;T01.01.94_E01.02.19;
880;Obcoj\u0119zyczne;BVN;BVN;SD;200455;253;DTH;91F6B119A2486EC2353988BE8487ADB8F06D89A1.png;8E11B0E8793C6C8A9DB8A35EA6D2EDEE5C493E70.png; ;318;11500;10815;0;1;27500;4;BVN;17311;1;1;T01.01.94_E01.02.19;
884;Ogólne;Tele 5;Tele 5;SD;200243;14003;DTH;73BF5440E4B71FB0FC0D7ED004FC3946FFE0912B.png;73BF5440E4B71FB0FC0D7ED004FC3946FFE0912B.png; ;318;15800;11662;1;2;27500;3;Tele 5;16955;1;1;T01.01.94_E01.02.19;
885;Ogólne;P1;P1;SD;200242;14008;DTH;63C912D58F5EEF1058100CC9AB06BEAF9EC201CC.png;7CBE57015DE9CA75A48554AC197EA97925F3659A.png; ;318;15800;11662;1;2;27500;3;P1;16956;1;1;T01.01.94_E01.02.19;
886;Ogólne;TVS;TVS;SD;200255;14007;DTH;E82515E797D80A97A6A94D7B2D97CB9ED59F7564.png;B58A80BF0E6CDAD39E1044633F5C9DDD109777C6.png; ;318;11400;10796;1;2;27500;3;TVS;15704;1;1;T01.01.94_E01.02.19;
998;SERWIS INTERAKTYWNY;Odbiór uprawnie\u0144 do kana\u0142ów ;Odbiór uprawnie\u0144  do kana\u0142ów;;;;;B87CEDC1ADE08C2E57C30636D7617AB73C22256F.png};B87CEDC1ADE08C2E57C30636D7617AB73C22256F.png;;;T01.01.94_E01.02.19;
